{"_6.6#11.9#4.0#14.0#VAR_6.6#11.9#44.0#54.0#VAR_DEL_23.mod": {"aut": [[0, [1, 2]], [1, [3, 4]], [2, [5, 6]], [3, [7, 8]], [4, [9, 10]], [5, [11, 1]], [6, [12, 13]], [7, [0, 14]], [8, [15, 11]], [9, [4, 16]], [10, [17, 18]], [11, [14, 19]], [12, [20, 15]], [13, [3, 2]], [14, [21, 22]], [15, [23, 24]], [16, [25, 26]], [17, [27, 28]], [18, [29, 30]], [19, [31, 32]], [20, [33, 34]], [21, [33, 2]], [22, [35, 36]], [23, [37, 3]], [24, [38, 39]], [25, [35, 38]], [26, [40, 35]], [27, [0, 35]], [28, [41, 38]], [29, [35, 42]], [30, [38, 43]], [31, [2, 35]], [32, [44, 35]], [33, [17, 1]], [34, [7, 2]], [35, [35, 21]], [36, [21, 45]], [37, [35, 35]], [38, [35, 35]], [39, [35, 35]], [40, [46, 39]], [41, [39, 47]], [42, [15, 45]], [43, [15, 35]], [44, [35, 17]], [45, [35, 35]], [46, [35, 0]], [47, [35, 35]]], "delay": 23, "gamma": 0.07830096590213764, "pit": [[0, [1.0, 0.0]], [1, [0.9745497107505798, 0.025450274348258972]], [2, [0.9451485276222229, 0.05485144257545471]], [3, [0.943809986114502, 0.056190043687820435]], [4, [0.9431082606315613, 0.05689176544547081]], [5, [0.8927823901176453, 0.10721757262945175]], [6, [0.9555632472038269, 0.04443679004907608]], [7, [0.9620721340179443, 0.03792784363031387]], [8, [0.858340322971344, 0.141659677028656]], [9, [0.875190258026123, 0.12480974197387695]], [10, [0.99647057056427, 0.0035294117406010628]], [11, [0.8520072102546692, 0.1479928195476532]], [12, [0.931438148021698, 0.06856187433004379]], [13, [0.9409011006355286, 0.05909888818860054]], [14, [0.8932291865348816, 0.1067708358168602]], [15, [0.9366576671600342, 0.06334231793880463]], [16, [0.8009708523750305, 0.1990291327238083]], [17, [0.9439507722854614, 0.05604921281337738]], [18, [0.917647123336792, 0.08235294371843338]], [19, [0.997942328453064, 0.002057613106444478]], [20, [1.0, 0.0]], [21, [0.948512852191925, 0.05148718133568764]], [22, [1.0, 0.0]], [23, [0.9365324974060059, 0.06346748769283295]], [24, [1.0, 0.0]], [25, [0.6693547964096069, 0.3306451439857483]], [26, [0.7530120015144348, 0.2469879388809204]], [27, [1.0, 0.0]], [28, [1.0, 0.0]], [29, [0.8127853274345398, 0.18721459805965424]], [30, [0.9965869784355164, 0.0034129691775888205]], [31, [0.9413447976112366, 0.05865522474050522]], [32, [0.8509091138839722, 0.14909091591835022]], [33, [0.8800668120384216, 0.11993313580751419]], [34, [1.0, 0.0]], [35, [0.9484378099441528, 0.05156215652823448]], [36, [0.9946380853652954, 0.005361930467188358]], [37, [0.9044288992881775, 0.09557110071182251]], [38, [0.908690869808197, 0.09130913019180298]], [39, [0.9500594139099121, 0.04994054511189461]], [40, [1.0, 0.0]], [41, [0.8185840845108032, 0.18141593039035797]], [42, [0.9999999403953552, 0.0]], [43, [1.0, 0.0]], [44, [0.9999999403953552, 0.0]], [45, [0.9965636134147644, 0.003436426166445017]], [46, [1.0, 0.0]], [47, [0.9999999403953552, 0.0]]], "src": "6.6#11.9#4.0#14.0#VAR", "tgt": "6.6#11.9#44.0#54.0#VAR", "src_var": "VAR", "tgt_var": "VAR", "distance": 2726.295739452291}, "_27.8#33.1#4.0#14.0#VAR_6.6#11.9#44.0#54.0#VAR_DEL_25.mod": {"aut": [[0, [0, 1]], [1, [0, 2]], [2, [0, 3]], [3, [4, 5]], [4, [1, 6]], [5, [7, 8]], [6, [7, -1]], [7, [2, 7]], [8, [7, 9]], [9, [7, 7]]], "delay": 25, "gamma": 0.04772626379165623, "pit": [[0, [0.9435415267944336, 0.05645851418375969]], [1, [0.9556962251663208, 0.04430379718542099]], [2, [0.8478261232376099, 0.15217392146587372]], [3, [0.8421052694320679, 0.15789473056793213]], [4, [0.8333333730697632, 0.1666666716337204]], [5, [1.0, 0.0]], [6, [0.6666666865348816, 0.3333333432674408]], [7, [1.0, 0.0]], [8, [0.5, 0.5]], [9, [0.0, 1.0]]], "src": "27.8#33.1#4.0#14.0#VAR", "tgt": "6.6#11.9#44.0#54.0#VAR", "src_var": "VAR", "tgt_var": "VAR", "distance": 2959.9350947836656}, "_6.6#11.9#4.0#14.0#VAR_6.6#11.9#44.0#54.0#VAR_DEL_39.mod": {"aut": [[0, [1, 2]], [1, [3, 4]], [2, [0, 0]], [3, [1, 5]], [4, [4, 6]], [5, [7, 8]], [6, [9, 9]], [7, [10, 11]], [8, [12, 7]], [9, [0, 11]], [10, [12, 2]], [11, [7, 9]], [12, [0, 2]]], "delay": 39, "gamma": 0.03439669045384541, "pit": [[0, [0.9218106865882874, 0.07818929851055145]], [1, [0.886904776096344, 0.1130952388048172]], [2, [0.9333332777023315, 0.06666666269302368]], [3, [0.9130434989929199, 0.08695652335882187]], [4, [0.949438214302063, 0.05056179687380791]], [5, [1.0, 0.0]], [6, [0.9605263471603394, 0.03947368264198303]], [7, [0.9534883499145508, 0.04651162773370743]], [8, [1.0, 0.0]], [9, [0.9539473652839661, 0.04605263099074364]], [10, [0.9523809552192688, 0.0476190485060215]], [11, [0.9615384340286255, 0.03846153989434242]], [12, [1.0, 0.0]]], "src": "6.6#11.9#4.0#14.0#VAR", "tgt": "6.6#11.9#44.0#54.0#VAR", "src_var": "VAR", "tgt_var": "VAR", "distance": 2726.295739452291}, "_6.6#11.9#44.0#54.0#VAR_6.6#11.9#44.0#54.0#VAR_DEL_44.mod": {"aut": [[0, [1, 2]], [1, [1, 3]], [2, [4, 5]], [3, [6, 7]], [4, [8, 9]], [5, [10, 0]], [6, [8, 9]], [7, [8, 0]], [8, [11, 8]], [9, [8, 0]], [10, [8, 0]], [11, [12, 8]], [12, [13, 8]], [13, [14, 8]], [14, [15, 8]], [15, [16, 5]], [16, [17, 18]], [17, [0, 8]], [18, [8, 0]]], "delay": 44, "gamma": 0.030668504965064125, "pit": [[0, [0.9729729890823364, 0.027027027681469917]], [1, [0.9467957019805908, 0.05320435389876366]], [2, [0.6666666865348816, 0.3333333432674408]], [3, [0.9117646813392639, 0.0882352963089943]], [4, [1.0, 0.0]], [5, [1.0, 0.0]], [6, [0.9032257795333862, 0.09677419066429138]], [7, [0.6666666865348816, 0.3333333432674408]], [8, [0.9753086566925049, 0.02469135820865631]], [9, [0.6666666865348816, 0.3333333432674408]], [10, [1.0, 0.0]], [11, [0.9459459781646729, 0.054054055362939835]], [12, [0.9411764740943909, 0.05882352963089943]], [13, [0.9508196115493774, 0.049180325120687485]], [14, [0.9433962106704712, 0.056603774428367615]], [15, [0.8936169743537903, 0.10638297349214554]], [16, [0.8888888955116272, 0.1111111119389534]], [17, [0.824999988079071, 0.17499999701976776]], [18, [1.0, 0.0]]], "src": "6.6#11.9#44.0#54.0#VAR", "tgt": "6.6#11.9#44.0#54.0#VAR", "src_var": "VAR", "tgt_var": "VAR", "distance": 0.0}, "_6.6#11.9#14.0#24.0#VAR_6.6#11.9#44.0#54.0#VAR_DEL_8.mod": {"aut": [[0, [1, 0]], [1, [0, 2]], [2, [3, 0]], [3, [4, 0]], [4, [5, 0]], [5, [6, 0]], [6, [7, 0]], [7, [8, 0]], [8, [9, 0]], [9, [0, 0]]], "delay": 8, "gamma": 0.02950905156161865, "pit": [[0, [0.9518072009086609, 0.048192769289016724]], [1, [0.9395866394042969, 0.06041335687041283]], [2, [0.931034505367279, 0.06896551698446274]], [3, [0.8461538553237915, 0.1538461595773697]], [4, [0.9166666865348816, 0.0833333358168602]], [5, [1.0, 0.0]], [6, [0.8421052694320679, 0.15789473056793213]], [7, [0.8125, 0.1875]], [8, [0.7142857313156128, 0.2857142984867096]], [9, [0.7692307829856873, 0.23076924681663513]]], "src": "6.6#11.9#14.0#24.0#VAR", "tgt": "6.6#11.9#44.0#54.0#VAR", "src_var": "VAR", "tgt_var": "VAR", "distance": 2045.2282689242913}, "_6.6#11.9#14.0#24.0#VAR_6.6#11.9#44.0#54.0#VAR_DEL_14.mod": {"aut": [[0, [0, 1]], [1, [2, 0]], [2, [3, 0]], [3, [4, 0]], [4, [0, 0]]], "delay": 14, "gamma": 0.027237587207094904, "pit": [[0, [0.9477124214172363, 0.05228758230805397]], [1, [0.8730159401893616, 0.1269841343164444]], [2, [0.8032786250114441, 0.19672130048274994]], [3, [0.9259259104728699, 0.07407407462596893]], [4, [0.9347826242446899, 0.06521739065647125]]], "src": "6.6#11.9#14.0#24.0#VAR", "tgt": "6.6#11.9#44.0#54.0#VAR", "src_var": "VAR", "tgt_var": "VAR", "distance": 2045.2282689242913}, "_38.4#43.7#14.0#24.0#VAR_6.6#11.9#44.0#54.0#VAR_DEL_49.mod": {"aut": [[0, [0, 1]], [1, [2, 3]], [2, [4, 4]], [3, [4, -1]], [4, [0, 4]]], "delay": 49, "gamma": 0.027057067317563077, "pit": [[0, [0.9362706542015076, 0.06372934579849243]], [1, [0.9999999403953552, 0.0]], [2, [0.8888888955116272, 0.1111111119389534]], [3, [0.5, 0.5]], [4, [1.0, 0.0]]], "src": "38.4#43.7#14.0#24.0#VAR", "tgt": "6.6#11.9#44.0#54.0#VAR", "src_var": "VAR", "tgt_var": "VAR", "distance": 2860.106713289786},