{"_27.8#33.1#24.0#34.0#VAR_6.6#11.9#74.0#84.0#VAR_DEL_25.mod": {"aut": [[0, [1, 2]], [1, [3, 4]], [2, [5, 6]], [3, [7, 8]], [4, [9, 10]], [5, [9, 11]], [6, [12, 13]], [7, [14, 15]], [8, [16, 17]], [9, [16, 0]], [10, [18, 19]], [11, [17, 20]], [12, [17, 21]], [13, [22, 23]], [14, [24, 25]], [15, [15, 2]], [16, [26, 21]], [17, [27, 28]], [18, [29, 21]], [19, [30, 31]], [20, [21, 32]], [21, [33, 34]], [22, [35, 21]], [23, [36, 37]], [24, [38, 39]], [25, [40, 32]], [26, [10, 33]], [27, [3, 21]], [28, [41, 32]], [29, [34, 21]], [30, [42, 21]], [31, [21, 43]], [32, [44, 0]], [33, [45, 21]], [34, [21, 1]], [35, [41, 42]], [36, [21, 21]], [37, [43, 46]], [38, [36, 47]], [39, [48, 21]], [40, [27, 21]], [41, [21, 21]], [42, [41, 21]], [43, [49, 50]], [44, [46, 21]], [45, [21, 21]], [46, [21, 10]], [47, [51, 21]], [48, [52, 21]], [49, [21, 21]], [50, [21, 21]], [51, [53, 21]], [52, [25, 54]], [53, [32, 51]], [54, [21, -1]]], "delay": 25, "gamma": 0.07477979604021434, "pit": [[0, [1.0, 0.0]], [1, [0.9091509580612183, 0.09084901958703995]], [2, [0.7786719799041748, 0.22132796049118042]], [3, [0.9291236996650696, 0.07087628543376923]], [4, [0.9677797555923462, 0.0322202704846859]], [5, [0.9969969987869263, 0.0030030030757188797]], [6, [0.9999999403953552, 0.0]], [7, [0.9451645016670227, 0.054835494607686996]], [8, [1.0, 0.0]], [9, [0.9291236996650696, 0.07087628543376923]], [10, [1.0, 0.0]], [11, [1.0, 0.0]], [12, [1.0, 0.0]], [13, [0.33734938502311707, 0.6626505851745605]], [14, [0.8596938848495483, 0.14030611515045166]], [15, [1.0, 0.0]], [16, [1.0, 0.0]], [17, [1.0, 0.0]], [18, [1.0, 0.0]], [19, [0.9286640882492065, 0.07133592665195465]], [20, [1.0, 0.0]], [21, [0.9479408264160156, 0.05205919221043587]], [22, [1.0, 0.0]], [23, [0.668674647808075, 0.3313252925872803]], [24, [0.9999999403953552, 0.0]], [25, [1.0, 0.0]], [26, [1.0, 0.0]], [27, [1.0, 0.0]], [28, [1.0, 0.0]], [29, [1.0, 0.0]], [30, [0.8755656480789185, 0.12443439662456512]], [31, [0.8338368535041809, 0.1661631464958191]], [32, [1.0, 0.0]], [33, [0.9299594759941101, 0.07004059106111526]], [34, [0.9477329850196838, 0.05226700007915497]], [35, [1.0, 0.0]], [36, [1.0, 0.0]], [37, [1.0, 0.0]], [38, [1.0, 0.0]], [39, [1.0, 0.0]], [40, [1.0, 0.0]], [41, [0.3641618490219116, 0.6358381509780884]], [42, [1.0, 0.0]], [43, [1.0, 0.0]], [44, [1.0, 0.0]], [45, [0.9559647440910339, 0.04403522610664368]], [46, [1.0, 0.0]], [47, [1.0, 0.0]], [48, [1.0, 0.0]], [49, [1.0, 0.0]], [50, [0.9999999403953552, 0.0]], [51, [1.0, 0.0]], [52, [1.0, 0.0]], [53, [1.0, 0.0]], [54, [1.0, 0.0]]], "src": "27.8#33.1#24.0#34.0#VAR", "tgt": "6.6#11.9#74.0#84.0#VAR", "src_var": "VAR", "tgt_var": "VAR", "distance": 3528.5245577022215}, "_38.4#43.7#44.0#54.0#VAR_6.6#11.9#74.0#84.0#VAR_DEL_19.mod": {"aut": [[0, [0, 1]], [1, [2, 3]], [2, [4, 5]], [3, [6, 5]], [4, [7, 8]], [5, [4, 5]], [6, [9, 5]], [7, [10, 0]], [8, [5, 11]], [9, [12, 5]], [10, [13, 14]], [11, [5, 5]], [12, [15, 5]], [13, [16, 17]], [14, [5, 5]], [15, [18, 5]], [16, [19, 20]], [17, [5, 21]], [18, [5, 5]], [19, [22, 20]], [20, [5, -1]], [21, [5, -1]], [22, [23, 24]], [23, [2, 25]], [24, [5, 5]], [25, [5, 21]]], "delay": 19, "gamma": 0.053177023227634845, "pit": [[0, [0.9503545761108398, 0.04964538663625717]], [1, [0.9642857313156128, 0.0357142873108387]], [2, [0.9746835827827454, 0.025316456332802773]], [3, [0.8333333730697632, 0.1666666716337204]], [4, [0.9736842513084412, 0.02631578966975212]], [5, [0.9496855139732361, 0.050314463675022125]], [6, [0.6666666865348816, 0.3333333432674408]], [7, [0.9367088675498962, 0.06329113990068436]], [8, [0.90625, 0.09375]], [9, [1.0, 0.0]], [10, [0.9312977194786072, 0.06870228797197342]], [11, [1.0, 0.0]], [12, [1.0, 0.0]], [13, [0.9363635778427124, 0.06363636255264282]], [14, [0.9523809552192688, 0.0476190485060215]], [15, [1.0, 0.0]], [16, [0.9659091234207153, 0.034090910106897354]], [17, [0.8636363744735718, 0.13636364042758942]], [18, [0.6666666865348816, 0.3333333432674408]], [19, [0.987500011920929, 0.012500000186264515]], [20, [1.0, 0.0]], [21, [1.0, 0.0]], [22, [0.9166666865348816, 0.0833333358168602]], [23, [0.8636363744735718, 0.13636364042758942]], [24, [0.8333333730697632, 0.1666666716337204]], [25, [0.8888888955116272, 0.1111111119389534]]], "src": "38.4#43.7#44.0#54.0#VAR", "tgt": "6.6#11.9#74.0#84.0#VAR", "src_var": "VAR", "tgt_var": "VAR", "distance": 2860.106713289786}, "_6.6#11.9#4.0#14.0#VAR_6.6#11.9#74.0#84.0#VAR_DEL_15.mod": {"aut": [[0, [1, 2]], [1, [2, 3]], [2, [4, 5]], [3, [6, 7]], [4, [8, 6]], [5, [9, 0]], [6, [10, 0]], [7, [11, 12]], [8, [13, 14]], [9, [15, 13]], [10, [16, 5]], [11, [0, 17]], [12, [1, 14]], [13, [14, 17]], [14, [18, 19]], [15, [5, 8]], [16, [18, 20]], [17, [10, 0]], [18, [2, 6]], [19, [10, 0]], [20, [10, 0]]], "delay": 15, "gamma": 0.036960159619220945, "pit": [[0, [0.9195402264595032, 0.08045977354049683]], [1, [0.9714285731315613, 0.02857142873108387]], [2, [0.9204545617103577, 0.07954545319080353]], [3, [0.9487179517745972, 0.05128205195069313]], [4, [0.9555555582046509, 0.04444444552063942]], [5, [0.948051929473877, 0.051948051899671555]], [6, [0.9772727489471436, 0.022727273404598236]], [7, [0.9599999785423279, 0.03999999910593033]], [8, [0.875, 0.125]], [9, [0.9615384936332703, 0.03846153989434242]], [10, [0.9285714626312256, 0.0714285746216774]], [11, [1.0, 0.0]], [12, [1.0, 0.0]], [13, [0.921875, 0.078125]], [14, [0.9743589758872986, 0.025641025975346565]], [15, [0.9555555582046509, 0.04444444552063942]], [16, [0.9523809552192688, 0.0476190485060215]], [17, [1.0, 0.0]], [18, [0.9692307710647583, 0.03076923079788685]], [19, [0.925000011920929, 0.07500000298023224]], [20, [1.0, 0.0]]], "src": "6.6#11.9#4.0#14.0#VAR", "tgt": "6.6#11.9#74.0#84.0#VAR", "src_var": "VAR", "tgt_var": "VAR", "distance": 4764.675781741343}, "_17.2#22.5#74.0#84.0#VAR_6.6#11.9#74.0#84.0#VAR_DEL_13.mod": {"aut": [[0, [1, 2]], [1, [0, 3]], [2, [3, 4]], [3, [5, 6]], [4, [7, 8]], [5, [9, 10]], [6, [11, 12]], [7, [13, 5]], [8, [14, 15]], [9, [16, 17]], [10, [1, 6]], [11, [16, 18]], [12, [14, 2]], [13, [11, 19]], [14, [20, 11]], [15, [14, 21]], [16, [9, 14]], [17, [13, 5]], [18, [20, 22]], [19, [23, 24]], [20, [14, 14]], [21, [14, 25]], [22, [23, 14]], [23, [14, 14]], [24, [14, 14]], [25, [14, 14]]], "delay": 13, "gamma": 0.03443925198874731, "pit": [[0, [1.0, 0.0]], [1, [1.0, 0.0]], [2, [0.675000011920929, 0.32500001788139343]], [3, [1.0, 0.0]], [4, [1.0, 0.0]], [5, [0.918749988079071, 0.08125000447034836]], [6, [0.9999999403953552, 0.0]], [7, [1.0, 0.0]], [8, [1.0, 0.0]], [9, [0.9430379867553711, 0.0569620281457901]], [10, [1.0, 0.0]], [11, [0.8997944593429565, 0.10020555555820465]], [12, [1.0, 0.0]], [13, [0.9682927131652832, 0.031707316637039185]], [14, [0.9426983594894409, 0.05730165168642998]], [15, [1.0, 0.0]], [16, [0.9573149085044861, 0.04268515482544899]], [17, [1.0, 0.0]], [18, [0.9467939734458923, 0.053206004202365875]], [19, [0.9999999403953552, 0.0]], [20, [0.9428152441978455, 0.05718475207686424]], [21, [1.0, 0.0]], [22, [1.0, 0.0]], [23, [1.0, 0.0]], [24, [1.0, 0.0]], [25, [1.0, 0.0]]], "src": "17.2#22.5#74.0#84.0#VAR", "tgt": "6.6#11.9#74.0#84.0#VAR", "src_var": "VAR", "tgt_var": "VAR", "distance": 732.3902472220075}, "_33.1#38.4#74.0#84.0#VAR_6.6#11.9#74.0#84.0#VAR_DEL_28.mod": {"aut": [[0, [1, 2]], [1, [3, 4]], [2, [5, 5]], [3, [3, 6]], [4, [0, 7]], [5, [8, 9]], [6, [5, 0]], [7, [10, 0]], [8, [7, 0]], [9, [11, 0]], [10, [12, 0]], [11, [7, 0]], [12, [13, 0]], [13, [0, 0]]], "delay": 28, "gamma": 0.03257103760068991,