{"_38.4#43.7#44.0#54.0#VAR_11.9#17.2#-6.0#4.0#VAR_DEL_32.mod": {"aut": [[0, [1, 2]], [1, [3, 4]], [2, [5, 6]], [3, [7, 4]], [4, [8, 9]], [5, [10, 11]], [6, [9, 12]], [7, [13, 14]], [8, [15, 16]], [9, [17, 12]], [10, [18, 19]], [11, [20, 12]], [12, [16, 12]], [13, [21, 22]], [14, [23, 2]], [15, [24, 25]], [16, [26, 12]], [17, [12, 12]], [18, [27, 12]], [19, [12, 12]], [20, [9, 12]], [21, [28, 29]], [22, [30, 11]], [23, [0, 31]], [24, [1, 12]], [25, [12, 12]], [26, [32, 12]], [27, [33, 34]], [28, [35, 36]], [29, [36, 37]], [30, [13, 38]], [31, [2, 12]], [32, [2, 12]], [33, [39, 22]], [34, [40, 41]], [35, [42, 43]], [36, [28, 16]], [37, [16, 12]], [38, [11, 0]], [39, [44, 12]], [40, [28, 45]], [41, [12, 12]], [42, [46, 21]], [43, [0, 16]], [44, [32, 47]], [45, [12, 0]], [46, [48, 49]], [47, [50, 12]], [48, [51, 52]], [49, [53, 22]], [50, [38, 0]], [51, [54, 55]], [52, [19, 12]], [53, [54, 12]], [54, [56, 57]], [55, [12, 12]], [56, [58, 41]], [57, [12, 12]], [58, [48, 59]], [59, [12, 12]]], "delay": 32, "gamma": 0.06463388947450777, "pit": [[0, [1.0, 0.0]], [1, [1.0, 0.0]], [2, [0.892751157283783, 0.10724883526563644]], [3, [1.0, 0.0]], [4, [1.0, 0.0]], [5, [0.9196406006813049, 0.08035936951637268]], [6, [0.8064516186714172, 0.19354838132858276]], [7, [1.0, 0.0]], [8, [1.0, 0.0]], [9, [0.9622021317481995, 0.03779786452651024]], [10, [0.8905413150787354, 0.10945865511894226]], [11, [0.9528204798698425, 0.047179486602544785]], [12, [0.9415704607963562, 0.05842956155538559]], [13, [0.7819905281066895, 0.21800948679447174]], [14, [1.0, 0.0]], [15, [1.0, 0.0]], [16, [0.9345765113830566, 0.06542351841926575]], [17, [0.9016042947769165, 0.09839572012424469]], [18, [0.9231797456741333, 0.07682031393051147]], [19, [0.9096267223358154, 0.09037328511476517]], [20, [1.0, 0.0]], [21, [0.902335524559021, 0.09766454994678497]], [22, [0.7535714507102966, 0.24642857909202576]], [23, [1.0, 0.0]], [24, [1.0, 0.0]], [25, [1.0, 0.0]], [26, [0.963758111000061, 0.03624187409877777]], [27, [0.9655689001083374, 0.03443113714456558]], [28, [0.8778220415115356, 0.12217795848846436]], [29, [1.0, 0.0]], [30, [0.9010753035545349, 0.09892473369836807]], [31, [1.0, 0.0]], [32, [0.9162265062332153, 0.08377344906330109]], [33, [0.9020860195159912, 0.09791401028633118]], [34, [1.0, 0.0]], [35, [0.9999999403953552, 0.0]], [36, [0.6891891956329346, 0.31081080436706543]], [37, [1.0, 0.0]], [38, [1.0, 0.0]], [39, [0.8782424926757812, 0.12175754457712173]], [40, [0.8025751113891602, 0.19742488861083984]], [41, [0.8345323801040649, 0.16546763479709625]], [42, [0.8593272566795349, 0.14067278802394867]], [43, [1.0, 0.0]], [44, [0.9190616011619568, 0.080938421189785]], [45, [1.0, 0.0]], [46, [0.640625, 0.359375]], [47, [0.8008658289909363, 0.1991342008113861]], [48, [0.7602085471153259, 0.23979149758815765]], [49, [0.09803921729326248, 0.9019607901573181]], [50, [1.0, 0.0]], [51, [0.8636363744735718, 0.13636364042758942]], [52, [1.0, 0.0]], [53, [1.0, 0.0]], [54, [0.8097207546234131, 0.19027921557426453]], [55, [1.0, 0.0]], [56, [0.8948571085929871, 0.10514285415410995]], [57, [0.5, 0.5]], [58, [0.8002893924713135, 0.19971056282520294]], [59, [1.0, 0.0]]], "src": "38.4#43.7#44.0#54.0#VAR", "tgt": "11.9#17.2#-6.0#4.0#VAR", "src_var": "VAR", "tgt_var": "VAR", "distance": 3498.9110174219472}, "_43.7#49.0#34.0#44.0#VAR_11.9#17.2#-6.0#4.0#VAR_DEL_35.mod": {"aut": [[0, [1, 2]], [1, [3, 4]], [2, [5, 6]], [3, [7, 8]], [4, [9, 4]], [5, [10, 5]], [6, [11, 12]], [7, [7, 13]], [8, [14, 5]], [9, [10, 15]], [10, [0, 0]], [11, [10, 5]], [12, [16, 17]], [13, [6, 18]], [14, [10, 0]], [15, [18, 0]], [16, [0, 18]], [17, [19, 6]], [18, [0, 11]], [19, [0, 7]]], "delay": 35, "gamma": 0.05936174796858518, "pit": [[0, [0.8048779964447021, 0.19512194395065308]], [1, [0.8936169743537903, 0.10638297349214554]], [2, [0.8571428656578064, 0.1428571492433548]], [3, [0.7647058963775635, 0.23529411852359772]], [4, [0.8780487775802612, 0.12195121496915817]], [5, [0.8859060406684875, 0.11409395933151245]], [6, [0.8947368264198303, 0.10526315867900848]], [7, [0.9477911591529846, 0.052208833396434784]], [8, [0.8571429252624512, 0.1428571492433548]], [9, [0.6153846383094788, 0.38461539149284363]], [10, [0.9104477167129517, 0.08955223858356476]], [11, [0.824999988079071, 0.17499999701976776]], [12, [0.9615384936332703, 0.03846153989434242]], [13, [1.0, 0.0]], [14, [0.800000011920929, 0.20000000298023224]], [15, [1.0, 0.0]], [16, [1.0, 0.0]], [17, [0.9000000357627869, 0.10000000149011612]], [18, [0.8125, 0.1875]], [19, [1.0, 0.0]]], "src": "43.7#49.0#34.0#44.0#VAR", "tgt": "11.9#17.2#-6.0#4.0#VAR", "src_var": "VAR", "tgt_var": "VAR", "distance": 3184.2072949891567}, "_43.7#49.0#34.0#44.0#VAR_11.9#17.2#-6.0#4.0#VAR_DEL_60.mod": {"aut": [[0, [1, 2]], [1, [3, 4]], [2, [5, 5]], [3, [3, 2]], [4, [0, 6]], [5, [0, 7]], [6, [8, 4]], [7, [9, 9]], [8, [0, 5]], [9, [0, 0]]], "delay": 60, "gamma": 0.05717474114286014, "pit": [[0, [0.8790322542190552, 0.12096773833036423]], [1, [0.9000000357627869, 0.10000000894069672]], [2, [0.9142857789993286, 0.08571428805589676]], [3, [0.9483394622802734, 0.05166051536798477]], [4, [0.6829267740249634, 0.31707316637039185]], [5, [0.8348623514175415, 0.16513760387897491]], [6, [0.6896551847457886, 0.3103448152542114]], [7, [0.8947368264198303, 0.10526315867900848]], [8, [0.8571429252624512, 0.1428571492433548]], [9, [0.859649121761322, 0.14035087823867798]]], "src": "43.7#49.0#34.0#44.0#VAR", "tgt": "11.9#17.2#-6.0#4.0#VAR", "src_var": "VAR", "tgt_var": "VAR", "distance": 3184.2072949891567}, "_38.4#43.7#44.0#54.0#VAR_11.9#17.2#-6.0#4.0#VAR_DEL_13.mod": {"aut": [[0, [1, 2]], [1, [3, 4]], [2, [5, 6]], [3, [7, 1]], [4, [2, 8]], [5, [0, 9]], [6, [8, 10]], [7, [11, 7]], [8, [10, 10]], [9, [12, 10]], [10, [1, 10]], [11, [13, 7]], [12, [14, 10]], [13, [15, 3]], [14, [16, 10]], [15, [17, 18]], [16, [10, 19]], [17, [20, 11]], [18, [0, 1]], [19, [10, -1]], [20, [17, 7]]], "delay": 13, "gamma": 0.04034518931571274, "pit": [[0, [0.95652174949646, 0.043478261679410934]], [1, [1.0, 0.0]], [2, [1.0, 0.0]], [3, [1.0, 0.0]], [4, [0.94921875, 0.05078125]], [5, [0.9212120771408081, 0.07878787815570831]], [6, [1.0, 0.0]], [7, [0.9307891130447388, 0.06921086460351944]], [8, [1.0, 0.0]], [9, [1.0, 0.0]], [10, [0.9545454382896423, 0.04545454680919647]], [11, [0.9062965512275696, 0.09370352327823639]], [12, [1.0, 0.0]], [13, [0.9093673825263977, 0.0906326025724411]], [14, [1.0, 0.0]], [15, [0.9065489172935486, 0.09345106780529022]], [16, [0.13333334028720856, 0.8666667342185974]], [17, [0.9127344489097595, 0.08726555109024048]], [18, [0.8700000047683716, 0.12999999523162842]], [19, [1.0, 0.0]], [20, [0.8722507953643799, 0.12774917483329773]]], "src": "38.4#43.7#44.0#54.0#VAR", "tgt": "11.9#17.2#-6.0#4.0#VAR", "src_var": "VAR", "tgt_var": "VAR", "distance": 3498.9110174219472}, "_43.7#49.0#34.0#44.0#VAR_11.9#17.2#-6.0#4.0#VAR_DEL_44.mod": {"aut": [[0, [2, 3]], [1, [4, 5]], [2, [6, 0]], [3, [7, 8]], [4, [9, 9]], [5, [0, 1]], [6, [10, 2]], [7, [11, 10]], [8, [12, 13]], [9, [14, 7]], [10, [10, 15]], [11, [2, 0]], [12, [5, 0]], [13, [0, 16]], [14, [7, 0]], [15, [0, 0]], [16, [0, 17]], [17, [0, 4]]], "delay": 44, "gamma": 0.04008938665216577, "pit": [[0, [0.8717949390411377, 0.12820513546466827]], [1, [1.0, 0.0]], [2, [0.9000000357627869, 0.10000000149011612]], [3, [0.8000000715255737, 0.20000001788139343]], [4, [0.9375, 0.0625]], [5, [0.6666666865348816, 0.3333333432674408]], [6, [0.8113207817077637, 0.18867924809455872]], [7, [0.8421052694320679, 0.15789473056793213]], [8, [0.8108108043670654, 0.18918919563293457]], [9, [0.75, 0.25]], [10, [0.9393578767776489, 0.060642093420028687]], [11, [0.9285714626312256, 0.0714285746216774]], [12, [0.875, 0.125]], [13, [0.8620689511299133, 0.13793103396892548]], [14, [1.0, 0.0]], [15, [0.9508196115493774, 0.049180325120687485]], [16, [0.9166666865348816, 0.0833333358168602]], [17, [0.944444477558136, 0.0555555559694767]]], "src": "43.7#49.0#34.0#44.0#VAR", "tgt": "11.9#17.2#-6.0#4.0#VAR",