{"_27.8#33.1#54.0#64.0#Bombing_Explosion-Facility_Infrastructure_Attack_17.2#22.5#-6.0#4.0#VAR_DEL_40.mod": {"aut": [[0, [0, 1]], [1, [2, 0]], [2, [3, 4]], [3, [4, 1]], [4, [5, -1]], [5, [6, 5]], [6, [3, 5]]], "delay": 40, "gamma": 0.0685119613646974, "pit": [[0, [0.9722222089767456, 0.02777777798473835]], [1, [0.9393939971923828, 0.06060606241226196]], [2, [0.9473684430122375, 0.05263157933950424]], [3, [0.939297080039978, 0.06070287525653839]], [4, [0.9473684430122375, 0.05263157933950424]], [5, [0.9596541523933411, 0.040345821529626846]], [6, [0.9335547685623169, 0.06644517928361893]]], "src": "27.8#33.1#54.0#64.0#Bombing_Explosion-Facility_Infrastructure_Attack", "tgt": "17.2#22.5#-6.0#4.0#VAR", "src_var": "Bombing_Explosion-Facility_Infrastructure_Attack", "tgt_var": "VAR", "distance": 3781.098129718975}, "_27.8#33.1#14.0#24.0#Bombing_Explosion-Facility_Infrastructure_Attack_17.2#22.5#-6.0#4.0#VAR_DEL_57.mod": {"aut": [[0, [2, 3]], [1, [2, 4]], [2, [5, 0]], [3, [6, 7]], [4, [8, 5]], [5, [9, 1]], [6, [10, 11]], [7, [12, 13]], [8, [14, 15]], [9, [16, 8]], [10, [17, 10]], [11, [12, 18]], [12, [19, 0]], [13, [12, 20]], [14, [15, 21]], [15, [12, 22]], [16, [23, 24]], [17, [18, 0]], [18, [25, 26]], [19, [10, 12]], [20, [12, 27]], [21, [12, 12]], [22, [28, 29]], [23, [11, 21]], [24, [1, 26]], [25, [12, 12]], [26, [12, 12]], [27, [12, 28]], [28, [12, 12]], [29, [12, 12]]], "delay": 57, "gamma": 0.05693439223842878, "pit": [[0, [0.9399999976158142, 0.05999999865889549]], [1, [1.0, 0.0]], [2, [0.9277108311653137, 0.07228915393352509]], [3, [0.9677419066429138, 0.032258063554763794]], [4, [0.699999988079071, 0.30000001192092896]], [5, [0.9500000476837158, 0.05000000447034836]], [6, [0.9473684430122375, 0.05263157933950424]], [7, [0.9166666865348816, 0.0833333358168602]], [8, [1.0, 0.0]], [9, [0.9523809552192688, 0.0476190485060215]], [10, [0.9360464811325073, 0.06395348906517029]], [11, [0.8799999952316284, 0.11999999731779099]], [12, [0.9430051445960999, 0.05699481815099716]], [13, [1.0, 0.0]], [14, [1.0, 0.0]], [15, [1.0, 0.0]], [16, [0.9705882668495178, 0.029411764815449715]], [17, [0.96875, 0.03125]], [18, [0.9626168012619019, 0.037383176386356354]], [19, [0.9523809552192688, 0.0476190447807312]], [20, [1.0, 0.0]], [21, [1.0, 0.0]], [22, [0.800000011920929, 0.20000000298023224]], [23, [0.9599999785423279, 0.03999999910593033]], [24, [0.8888888955116272, 0.1111111119389534]], [25, [0.9574467539787292, 0.042553190141916275]], [26, [0.875, 0.125]], [27, [0.6666666865348816, 0.3333333432674408]], [28, [0.6000000238418579, 0.4000000059604645]], [29, [1.0, 0.0]]], "src": "27.8#33.1#14.0#24.0#Bombing_Explosion-Facility_Infrastructure_Attack", "tgt": "17.2#22.5#-6.0#4.0#VAR", "src_var": "Bombing_Explosion-Facility_Infrastructure_Attack", "tgt_var": "VAR", "distance": 1445.9318069092117}, "_43.7#49.0#34.0#44.0#Bombing_Explosion-Facility_Infrastructure_Attack_17.2#22.5#-6.0#4.0#VAR_DEL_41.mod": {"aut": [[0, [1, 2]], [1, [0, 3]], [2, [4, 5]], [3, [4, 6]], [4, [0, 7]], [5, [4, 8]], [6, [4, 0]], [7, [6, 0]], [8, [4, 9]], [9, [0, 10]], [10, [0, 0]]], "delay": 41, "gamma": 0.05492728520246093, "pit": [[0, [0.9609236717224121, 0.03907637670636177]], [1, [0.9609053134918213, 0.039094649255275726]], [2, [0.9350649118423462, 0.06493506580591202]], [3, [0.9714285731315613, 0.02857142873108387]], [4, [0.9375, 0.0625]], [5, [0.800000011920929, 0.20000000298023224]], [6, [0.8620689511299133, 0.13793103396892548]], [7, [0.8648648858070374, 0.13513514399528503]], [8, [0.9655172228813171, 0.03448275849223137]], [9, [0.7142857313156128, 0.2857142984867096]], [10, [1.0, 0.0]]], "src": "43.7#49.0#34.0#44.0#Bombing_Explosion-Facility_Infrastructure_Attack", "tgt": "17.2#22.5#-6.0#4.0#VAR", "src_var": "Bombing_Explosion-Facility_Infrastructure_Attack", "tgt_var": "VAR", "distance": 2902.537261268472}, "_43.7#49.0#34.0#44.0#Bombing_Explosion-Facility_Infrastructure_Attack_17.2#22.5#-6.0#4.0#VAR_DEL_8.mod": {"aut": [[0, [1, 2]], [1, [1, 3]], [2, [4, 5]], [3, [6, 4]], [4, [7, 2]], [5, [8, 9]], [6, [10, 10]], [7, [11, 8]], [8, [12, 4]], [9, [13, 10]], [10, [8, 0]], [11, [9, 14]], [12, [0, 0]], [13, [0, 10]], [14, [7, 0]]], "delay": 8, "gamma": 0.05356398186633127, "pit": [[0, [0.925000011920929, 0.07500000298023224]], [1, [0.9682726263999939, 0.0317273773252964]], [2, [0.9452054500579834, 0.054794520139694214]], [3, [0.8409091234207153, 0.15909090638160706]], [4, [0.9142857193946838, 0.08571428805589676]], [5, [0.9166666865348816, 0.0833333358168602]], [6, [0.931034505367279, 0.06896551698446274]], [7, [0.8648648858070374, 0.13513514399528503]], [8, [1.0, 0.0]], [9, [0.8947368264198303, 0.10526315867900848]], [10, [0.8928571939468384, 0.1071428656578064]], [11, [0.9090909361839294, 0.09090909361839294]], [12, [0.9473684430122375, 0.05263157933950424]], [13, [0.9333333969116211, 0.06666667014360428]], [14, [0.8888888955116272, 0.1111111119389534]]], "src": "43.7#49.0#34.0#44.0#Bombing_Explosion-Facility_Infrastructure_Attack", "tgt": "17.2#22.5#-6.0#4.0#VAR", "src_var": "Bombing_Explosion-Facility_Infrastructure_Attack", "tgt_var": "VAR", "distance": 2902.537261268472}, "_43.7#49.0#34.0#44.0#Bombing_Explosion-Facility_Infrastructure_Attack_17.2#22.5#-6.0#4.0#VAR_DEL_44.mod": {"aut": [[0, [1, 2]], [1, [4, 5]], [2, [2, 6]], [3, [7, 8]], [4, [10, 11]], [5, [12, 13]], [6, [14, 15]], [7, [7, 16]], [8, [13, 17]], [9, [19, 17]], [10, [20, 11]], [11, [21, 10]], [12, [22, 23]], [13, [24, 11]], [14, [25, 26]], [15, [27, 0]], [16, [11, 15]], [17, [11, 11]], [18, [3, 11]], [19, [11, 9]], [20, [28, 22]], [21, [11, 29]], [22, [11, 11]], [23, [11, 30]], [24, [11, 9]], [25, [26, 11]], [26, [9, 18]], [27, [19, 26]], [28, [25, 31]], [29, [29, 11]], [30, [30, 11]], [31, [11, 30]]], "delay": 44, "gamma": 0.05227658688655623, "pit": [[0, [1.0, 0.0]], [1, [1.0, 0.0]], [2, [1.0, 0.0]], [3, [1.0, 0.0]], [4, [1.0, 0.0]], [5, [1.0, 0.0]], [6, [1.0, 0.0]], [7, [1.0, 0.0]], [8, [1.0, 0.0]], [9, [0.8872549533843994, 0.11274509876966476]], [10, [0.9352102279663086, 0.06478981673717499]], [11, [0.9496520757675171, 0.05034793168306351]], [12, [1.0, 0.0]], [13, [1.0, 0.0]], [14, [1.0, 0.0]], [15, [0.9999999403953552, 0.0]], [16, [0.14814814925193787, 0.8518518805503845]], [17, [0.9799999594688416, 0.019999999552965164]], [18, [1.0, 0.0]], [19, [1.0, 0.0]], [20, [0.9302325248718262, 0.06976744532585144]], [21, [0.9592811465263367, 0.04071881249547005]], [22, [0.8348623514175415, 0.16513760387897491]], [23, [1.0, 0.0]], [24, [1.0, 0.0]], [25, [0.8259668946266174, 0.17403315007686615]], [26, [0.9962406158447266, 0.003759398590773344]], [27, [1.0, 0.0]], [28, [0.9348914623260498, 0.0651085153222084]], [29, [0.9355833530426025, 0.06441661715507507]], [30, [1.0, 0.0]], [31, [1.0, 0.0]]], "src": "43.7#49.0#34.0#44.0#Bombing_Explosion-Facility_Infrastructure_Attack", "tgt": "17.2#22.5#-6.0#4.0#VAR", "src_var": "Bombing_Explosion-Facility_Infrastructure_Attack", "tgt_var": "VAR", "distance": 2902.537261268472}, "_33.1#38.4#44.0#54.0#Bombing_Explosion-Facility_Infrastructure_Attack_17.2#22.5#-6.0#4.0#VAR_DEL_30.mod": {"aut": [[0, [1, 2]], [1, [0, 3]], [2, [3, 4]], [3, [0, 5]], [4, [1, 4]], [5, [0, 0]]], "delay": 30, "gamma": 0.03935601457561777, "pit": [[0, [0.9610389471054077, 0.03896103799343109]], [1, [0.9999999403953552, 0.0]], [2, [0.960784375667572, 0.03921568766236305]], [3, [0.9916667342185974, 0.008333333767950535]], [4, [0.9294117093086243, 0.07058823108673096]], [5, [0.9404761791229248, 0.0595238097012043]]], "src": "33.1#38.4#44.0#54.0#Bombing_Explosion-Facility_Infrastructure_Attack", "tgt": "17.2#22.5#-6.0#4.0#VAR", "src_var": "Bombing_Explosion-Facility_Infrastructure_Attack", "tgt_var": "VAR", "distance": 3208.9828060527843}, "_43.7#49.0#34.0#44.0#Bombing_Explosion-Facility_Infrastructure_Attack_17.2#22.5#-6.0#4.0#VAR_DEL_45.mod": {"aut": [[0, [1, 2]], [1, [3, 4]], [2, [2, 5]], [3, [3, 4]], [4, [6, 7]], [5, [8, 2]], [6, [9, 4]], [7, [1, 0]], [8, [10, 0]], [9, [11, 0]], [10, [0, 0]], [11, [1, 0]]], "delay": 45,