{"_6.6#11.9#4.0#14.0#VAR_33.1#38.4#14.0#24.0#VAR_DEL_49.mod": {"aut": [[0, [1, 2]], [1, [3, 3]], [2, [0, 4]], [3, [5, 6]], [4, [7, 4]], [5, [8, 9]], [6, [10, 11]], [7, [12, 13]], [8, [3, 5]], [9, [14, 15]], [10, [11, 3]], [11, [16, 4]], [12, [17, 18]], [13, [0, 19]], [14, [17, 0]], [15, [0, 20]], [16, [15, 6]], [17, [15, 15]], [18, [21, 22]], [19, [15, 2]], [20, [15, 23]], [21, [24, 15]], [22, [15, 25]], [23, [15, 15]], [24, [15, 15]], [25, [15, 15]]], "delay": 49, "gamma": 0.09632308690371527, "pit": [[0, [0.8888888955116272, 0.1111111119389534]], [1, [0.8787878751754761, 0.12121212482452393]], [2, [0.9367088675498962, 0.06329113990068436]], [3, [0.963302731513977, 0.03669724613428116]], [4, [0.9281437397003174, 0.071856290102005]], [5, [0.9873418211936951, 0.012658228166401386]], [6, [0.9137930870056152, 0.08620689809322357]], [7, [0.9999999403953552, 0.0]], [8, [0.9999999403953552, 0.0]], [9, [1.0, 0.0]], [10, [0.8333333730697632, 0.1666666716337204]], [11, [0.9534883499145508, 0.04651162773370743]], [12, [0.8709677457809448, 0.12903225421905518]], [13, [0.9666666984558105, 0.03333333507180214]], [14, [0.9000000357627869, 0.10000000149011612]], [15, [0.9649122953414917, 0.035087719559669495]], [16, [1.0, 0.0]], [17, [1.0, 0.0]], [18, [0.8461538553237915, 0.1538461595773697]], [19, [0.8888888955116272, 0.1111111119389534]], [20, [0.8804348111152649, 0.1195652186870575]], [21, [0.875, 0.125]], [22, [1.0, 0.0]], [23, [0.9655172228813171, 0.03448275849223137]], [24, [1.0, 0.0]], [25, [1.0, 0.0]]], "src": "6.6#11.9#4.0#14.0#VAR", "tgt": "33.1#38.4#14.0#24.0#VAR", "src_var": "VAR", "tgt_var": "VAR", "distance": 1936.1543774159804}, "_17.2#22.5#74.0#84.0#VAR_33.1#38.4#14.0#24.0#VAR_DEL_50.mod": {"aut": [[0, [2, 3]], [1, [3, 4]], [2, [5, 6]], [3, [7, 8]], [4, [6, 9]], [5, [10, 11]], [6, [0, 12]], [7, [10, 5]], [8, [13, 14]], [9, [15, 16]], [10, [7, 10]], [11, [13, 0]], [12, [17, 18]], [13, [19, 20]], [14, [21, 0]], [15, [22, 13]], [16, [23, 24]], [17, [25, 11]], [18, [26, 9]], [19, [27, 26]], [20, [3, 25]], [21, [28, 29]], [22, [25, 30]], [23, [25, 25]], [24, [25, 31]], [25, [32, 25]], [26, [33, 25]], [27, [34, 25]], [28, [25, 31]], [29, [25, 25]], [30, [35, 25]], [31, [25, 35]], [32, [11, 25]], [33, [25, 35]], [34, [36, 25]], [35, [37, 0]], [36, [1, 25]], [37, [25, 25]]], "delay": 50, "gamma": 0.05446128037081954, "pit": [[0, [0.8568232655525208, 0.14317673444747925]], [1, [0.9999999403953552, 0.0]], [2, [0.9973403811454773, 0.002659574383869767]], [3, [0.8569144606590271, 0.1430855244398117]], [4, [1.0, 0.0]], [5, [0.9035198092460632, 0.09648020565509796]], [6, [0.7557252049446106, 0.2442748099565506]], [7, [0.9463200569152832, 0.05367998033761978]], [8, [0.8632479310035706, 0.1367521435022354]], [9, [1.0, 0.0]], [10, [0.9474066495895386, 0.052593398839235306]], [11, [0.940443217754364, 0.059556785970926285]], [12, [0.05882352963089943, 0.9411764740943909]], [13, [0.8725544810295105, 0.1274455040693283]], [14, [1.0, 0.0]], [15, [0.9850745797157288, 0.014925372786819935]], [16, [1.0, 0.0]], [17, [0.6666666865348816, 0.3333333432674408]], [18, [1.0, 0.0]], [19, [0.9071567058563232, 0.09284333139657974]], [20, [0.9577279090881348, 0.04227212816476822]], [21, [0.6235294342041016, 0.3764705955982208]], [22, [1.0, 0.0]], [23, [1.0, 0.0]], [24, [1.0, 0.0]], [25, [0.9611768126487732, 0.03882317245006561]], [26, [0.9999999403953552, 0.0]], [27, [0.9833926558494568, 0.01660735532641411]], [28, [1.0, 0.0]], [29, [1.0, 0.0]], [30, [1.0, 0.0]], [31, [1.0, 0.0]], [32, [0.9930000305175781, 0.007000000216066837]], [33, [1.0, 0.0]], [34, [0.9102384448051453, 0.08976157009601593]], [35, [1.0, 0.0]], [36, [0.9282786250114441, 0.07172130793333054]], [37, [1.0, 0.0]]], "src": "17.2#22.5#74.0#84.0#VAR", "tgt": "33.1#38.4#14.0#24.0#VAR", "src_var": "VAR", "tgt_var": "VAR", "distance": 3768.6963923692356}, "_33.1#38.4#64.0#74.0#VAR_33.1#38.4#14.0#24.0#VAR_DEL_12.mod": {"aut": [[0, [-1, 1]], [1, [-1, 0]]], "delay": 12, "gamma": 0.039694065661811884, "pit": [[0, [0.9487909078598022, 0.05120910331606865]], [1, [0.9358974099159241, 0.06410256028175354]]], "src": "33.1#38.4#64.0#74.0#VAR", "tgt": "33.1#38.4#14.0#24.0#VAR", "src_var": "VAR", "tgt_var": "VAR", "distance": 2771.876156116269}, "_6.6#11.9#4.0#14.0#VAR_33.1#38.4#14.0#24.0#VAR_DEL_33.mod": {"aut": [[0, [1, 2]], [1, [0, 4]], [2, [5, 6]], [3, [7, 8]], [4, [9, 10]], [5, [11, 12]], [6, [8, 10]], [7, [0, 13]], [8, [14, 0]], [9, [15, 0]], [10, [0, 0]], [11, [16, 0]], [12, [0, 3]], [13, [0, 3]], [14, [17, 18]], [15, [8, 0]], [16, [19, 0]], [17, [3, 0]], [18, [0, 0]], [19, [20, 0]], [20, [3, 0]]], "delay": 33, "gamma": 0.03596024056653446, "pit": [[0, [0.9267605543136597, 0.07323943078517914]], [1, [0.9120879173278809, 0.08791209012269974]], [2, [0.9476743936538696, 0.05232558026909828]], [3, [0.9756097197532654, 0.024390242993831635]], [4, [0.9594594836235046, 0.04054054245352745]], [5, [0.9259259104728699, 0.07407407462596893]], [6, [0.9340659379959106, 0.06593406945466995]], [7, [0.9166666865348816, 0.0833333358168602]], [8, [0.9868420958518982, 0.01315789483487606]], [9, [1.0, 0.0]], [10, [0.9148935675621033, 0.08510638028383255]], [11, [0.9166666865348816, 0.0833333358168602]], [12, [0.9777777791023254, 0.02222222276031971]], [13, [1.0, 0.0]], [14, [0.9473684430122375, 0.05263157933950424]], [15, [0.8888888955116272, 0.1111111119389534]], [16, [0.9411764740943909, 0.05882352963089943]], [17, [0.9000000357627869, 0.10000000149011612]], [18, [1.0, 0.0]], [19, [1.0, 0.0]], [20, [1.0, 0.0]]], "src": "6.6#11.9#4.0#14.0#VAR", "tgt": "33.1#38.4#14.0#24.0#VAR", "src_var": "VAR", "tgt_var": "VAR", "distance": 1936.1543774159804}, "_33.1#38.4#64.0#74.0#VAR_33.1#38.4#14.0#24.0#VAR_DEL_10.mod": {"aut": [[0, [-1, 0]]], "delay": 10, "gamma": 0.03503491482088106, "pit": [[0, [0.9416370391845703, 0.058362990617752075]]], "src": "33.1#38.4#64.0#74.0#VAR", "tgt": "33.1#38.4#14.0#24.0#VAR", "src_var": "VAR", "tgt_var": "VAR", "distance": 2771.876156116269}, "_33.1#38.4#64.0#74.0#VAR_33.1#38.4#14.0#24.0#VAR_DEL_19.mod": {"aut": [[0, [-1, 0]]], "delay": 19, "gamma": 0.03146920808547582, "pit": [[0, [0.9416370391845703, 0.058362990617752075]]], "src": "33.1#38.4#64.0#74.0#VAR", "tgt": "33.1#38.4#14.0#24.0#VAR", "src_var": "VAR", "tgt_var": "VAR", "distance": 2771.876156116269}, "_27.8#33.1#64.0#74.0#VAR_33.1#38.4#14.0#24.0#VAR_DEL_43.mod": {"aut": [[0, [-1, 1]], [1, [1, 0]]], "delay": 43, "gamma": 0.030342290552226703, "pit": [[0, [0.9464831948280334, 0.05351682007312775]], [1, [0.9344261884689331, 0.06557376682758331]]], "src": "27.8#33.1#64.0#74.0#VAR", "tgt": "33.1#38.4#14.0#24.0#VAR", "src_var": "VAR", "tgt_var": "VAR", "distance": 2886.1419834934964}, "_43.7#49.0#34.0#44.0#VAR_33.1#38.4#14.0#24.0#VAR_DEL_31.mod": {"aut": [[0, [2, 0]], [1, [3, 3]], [2, [2, 4]], [3, [5, 6]], [4, [7, 0]], [5, [8, 9]], [6, [3, 4]], [7, [10, 11]], [8, [12, 9]], [9, [9, 2]], [10, [13, 9]], [11, [9, 9]], [12, [14, 9]], [13, [15, 9]], [14, [16, 17]], [15, [1, 9]], [16, [4, 9]], [17, [9, 18]], [18, [19, 9]], [19, [9, 9]]], "delay": 31, "gamma": 0.029201740685335986, "pit": [[0, [0.9553781151771545, 0.04462188854813576]], [1, [0.9838709831237793, 0.016129031777381897]], [2, [0.9275608658790588, 0.07243916392326355]], [3, [0.7831324934959412, 0.21686746180057526]], [4, [0.9416058659553528, 0.058394160121679306]], [5, [0.9771166443824768, 0.02288329415023327]], [6, [0.6984127163887024, 0.30158731341362]], [7, [0.9118541479110718, 0.0881459042429924]], [8, [0.9520384073257446, 0.047961629927158356]], [9, [0.9523509740829468, 0.04764906316995621]], [10, [0.9313868284225464, 0.06861313432455063]], [11, [0.9375, 0.0625]], [12, [0.9365078806877136, 0.0634920597076416]], [13, [0.9166666865348816, 0.0833333358168602]], [14, [0.9810298085212708, 0.0189701896160841]], [15, [0.8834951519966125, 0.11650485545396805]], [16, [0.9289616942405701, 0.07103824615478516]], [17, [1.0, 0.0]], [18, [1.0, 0.0]], [19, [1.0, 0.0]]], "src": "43.7#49.0#34.0#44.0#VAR",