{"_33.1#38.4#44.0#54.0#Armed_Assault-Assassination-Hijacking-Hostage_Taking_Barricade_Incident-Hostage_Taking_Kidnapping_33.1#38.4#64.0#74.0#VAR_DEL_23.mod": {"aut": [[0, [1, 2]], [1, [3, 4]], [2, [5, 6]], [3, [7, 8]], [4, [6, 9]], [5, [2, 10]], [6, [5, 11]], [7, [12, 13]], [8, [14, 8]], [9, [5, 5]], [10, [3, 15]], [11, [5, 16]], [12, [2, 4]], [13, [17, 18]], [14, [9, 17]], [15, [17, 19]], [16, [3, 20]], [17, [9, 17]], [18, [21, 8]], [19, [17, 17]], [20, [0, 14]], [21, [17, 17]]], "delay": 23, "gamma": 0.051316284207704954, "pit": [[0, [0.0, 1.0]], [1, [0.0, 1.0]], [2, [0.057777777314186096, 0.9422222375869751]], [3, [0.01515151560306549, 0.9848484992980957]], [4, [0.0, 1.0]], [5, [0.028938906267285347, 0.9710610508918762]], [6, [0.042553190141916275, 0.9574467539787292]], [7, [0.0, 0.9999999403953552]], [8, [0.0, 1.0]], [9, [0.040816325694322586, 0.9591836333274841]], [10, [0.07407407462596893, 0.9259259104728699]], [11, [0.02380952425301075, 0.9761905074119568]], [12, [0.07999999821186066, 0.9199999570846558]], [13, [0.0625, 0.9375]], [14, [0.0, 1.0]], [15, [0.06122449040412903, 0.9387754797935486]], [16, [0.06666667014360428, 0.9333333969116211]], [17, [0.02380952425301075, 0.9761905074119568]], [18, [0.1666666716337204, 0.8333333730697632]], [19, [0.0, 1.0]], [20, [0.0, 1.0]], [21, [0.0, 1.0]]], "src": "33.1#38.4#44.0#54.0#Armed_Assault-Assassination-Hijacking-Hostage_Taking_Barricade_Incident-Hostage_Taking_Kidnapping", "tgt": "33.1#38.4#64.0#74.0#VAR", "src_var": "Armed_Assault-Assassination-Hijacking-Hostage_Taking_Barricade_Incident-Hostage_Taking_Kidnapping", "tgt_var": "VAR", "distance": 1119.5302126777958}, "_33.1#38.4#34.0#44.0#Bombing_Explosion-Facility_Infrastructure_Attack_33.1#38.4#64.0#74.0#VAR_DEL_18.mod": {"aut": [[0, [1, 2]], [1, [3, 4]], [2, [5, 6]], [3, [7, 4]], [4, [8, 9]], [5, [1, 4]], [6, [10, 1]], [7, [7, 0]], [8, [11, 12]], [9, [1, 13]], [10, [3, 14]], [11, [7, 15]], [12, [7, 16]], [13, [7, 5]], [14, [17, 1]], [15, [7, 7]], [16, [7, 7]], [17, [7, 18]], [18, [7, 7]]], "delay": 18, "gamma": 0.040893089609837174, "pit": [[0, [0.032608695328235626, 0.967391312122345]], [1, [0.03846153989434242, 0.9615384340286255]], [2, [0.07246376574039459, 0.9275362491607666]], [3, [0.04545454680919647, 0.9545454978942871]], [4, [0.03212851285934448, 0.9678714275360107]], [5, [0.02484472095966339, 0.9751552939414978]], [6, [0.03773584961891174, 0.9622641801834106]], [7, [0.024390242993831635, 0.9756097197532654]], [8, [0.04651162773370743, 0.9534883499145508]], [9, [0.029126213863492012, 0.9708737730979919]], [10, [0.0, 1.0]], [11, [0.0, 1.0]], [12, [0.0, 1.0]], [13, [0.040462426841259, 0.9595375657081604]], [14, [0.20000000298023224, 0.800000011920929]], [15, [0.23076924681663513, 0.7692307829856873]], [16, [0.05263157933950424, 0.9473684430122375]], [17, [0.0, 1.0]], [18, [0.0, 1.0]]], "src": "33.1#38.4#34.0#44.0#Bombing_Explosion-Facility_Infrastructure_Attack", "tgt": "33.1#38.4#64.0#74.0#VAR", "src_var": "Bombing_Explosion-Facility_Infrastructure_Attack", "tgt_var": "VAR", "distance": 1675.5609495100252}, "_6.6#11.9#44.0#54.0#Armed_Assault-Assassination-Hijacking-Hostage_Taking_Barricade_Incident-Hostage_Taking_Kidnapping_33.1#38.4#64.0#74.0#VAR_DEL_24.mod": {"aut": [[0, [0, 1]], [1, [2, 2]], [2, [3, 2]], [3, [0, -1]]], "delay": 24, "gamma": 0.02847581271805888, "pit": [[0, [0.03346303477883339, 0.9665369391441345]], [1, [0.11999999731779099, 0.8799999952316284]], [2, [0.0, 1.0]], [3, [0.07999999821186066, 0.9199999570846558]]], "src": "6.6#11.9#44.0#54.0#Armed_Assault-Assassination-Hijacking-Hostage_Taking_Barricade_Incident-Hostage_Taking_Kidnapping", "tgt": "33.1#38.4#64.0#74.0#VAR", "src_var": "Armed_Assault-Assassination-Hijacking-Hostage_Taking_Barricade_Incident-Hostage_Taking_Kidnapping", "tgt_var": "VAR", "distance": 2221.583719768057}, "_6.6#11.9#74.0#84.0#VAR_33.1#38.4#64.0#74.0#VAR_DEL_33.mod": {"aut": [[0, [0, 1]], [1, [2, 0]], [2, [3, 0]], [3, [4, 0]], [4, [5, 0]], [5, [6, 0]], [6, [0, 0]]], "delay": 33, "gamma": 0.025704894731065853, "pit": [[0, [0.04126426950097084, 0.9587357640266418]], [1, [0.0, 1.0]], [2, [0.0181818176060915, 0.9818181395530701]], [3, [0.019999999552965164, 0.9799999594688416]], [4, [0.042553190141916275, 0.9574467539787292]], [5, [0.02380952425301075, 0.9761905074119568]], [6, [0.0, 1.0]]], "src": "6.6#11.9#74.0#84.0#VAR", "tgt": "33.1#38.4#64.0#74.0#VAR", "src_var": "VAR", "tgt_var": "VAR", "distance": 1936.1543774159804}, "_27.8#33.1#64.0#74.0#VAR_33.1#38.4#64.0#74.0#VAR_DEL_30.mod": {"aut": [[0, [-1, 0]]], "delay": 30, "gamma": 0.024171526523200093, "pit": [[0, [0.03516819700598717, 0.9648318290710449]]], "src": "27.8#33.1#64.0#74.0#VAR", "tgt": "33.1#38.4#64.0#74.0#VAR", "src_var": "VAR", "tgt_var": "VAR", "distance": 366.19512361100374}, "_6.6#11.9#4.0#14.0#Bombing_Explosion-Facility_Infrastructure_Attack_33.1#38.4#64.0#74.0#VAR_DEL_40.mod": {"aut": [[0, [0, 1]], [1, [2, 0]], [2, [3, 0]], [3, [0, 0]]], "delay": 40, "gamma": 0.02273243608815423, "pit": [[0, [0.02769230678677559, 0.9723076820373535]], [1, [0.05970149114727974, 0.9402984976768494]], [2, [0.06338027864694595, 0.9366196990013123]], [3, [0.009615384973585606, 0.9903846383094788]]], "src": "6.6#11.9#4.0#14.0#Bombing_Explosion-Facility_Infrastructure_Attack", "tgt": "33.1#38.4#64.0#74.0#VAR", "src_var": "Bombing_Explosion-Facility_Infrastructure_Attack", "tgt_var": "VAR", "distance": 4171.0467228959515}, "_6.6#11.9#4.0#14.0#Armed_Assault-Assassination-Hijacking-Hostage_Taking_Barricade_Incident-Hostage_Taking_Kidnapping_33.1#38.4#64.0#74.0#VAR_DEL_28.mod": {"aut": [[0, [1, 2]], [1, [3, 4]], [2, [2, 1]], [3, [1, 5]], [4, [2, 0]], [5, [5, 0]]], "delay": 28, "gamma": 0.022647241922640893, "pit": [[0, [0.046666666865348816, 0.9533333778381348]], [1, [0.03591160476207733, 0.9640884399414062]], [2, [0.03395061939954758, 0.9660493731498718]], [3, [0.04385964944958687, 0.9561403393745422]], [4, [0.015037594363093376, 0.9849624037742615]], [5, [0.04219409078359604, 0.957805871963501]]], "src": "6.6#11.9#4.0#14.0#Armed_Assault-Assassination-Hijacking-Hostage_Taking_Barricade_Incident-Hostage_Taking_Kidnapping", "tgt": "33.1#38.4#64.0#74.0#VAR", "src_var": "Armed_Assault-Assassination-Hijacking-Hostage_Taking_Barricade_Incident-Hostage_Taking_Kidnapping", "tgt_var": "VAR", "distance": 4171.0467228959515}, "_43.7#49.0#34.0#44.0#Armed_Assault-Assassination-Hijacking-Hostage_Taking_Barricade_Incident-Hostage_Taking_Kidnapping_33.1#38.4#64.0#74.0#VAR_DEL_42.mod": {"aut": [[0, [1, 2]], [1, [3, 4]], [2, [0, 2]], [3, [5, 6]], [4, [2, 2]], [5, [0, 2]], [6, [2, 2]]], "delay": 42, "gamma": 0.02127110660819531, "pit": [[0, [0.040345821529626846, 0.9596541523933411]], [1, [0.016611294820904732, 0.9833886623382568]], [2, [0.020618556067347527, 0.9793814420700073]], [3, [0.03971119225025177, 0.9602888226509094]], [4, [0.0416666679084301, 0.9583333730697632]], [5, [0.05323193967342377, 0.946768045425415]], [6, [0.0, 1.0]]], "src": "43.7#49.0#34.0#44.0#Armed_Assault-Assassination-Hijacking-Hostage_Taking_Barricade_Incident-Hostage_Taking_Kidnapping", "tgt": "33.1#38.4#64.0#74.0#VAR", "src_var": "Armed_Assault-Assassination-Hijacking-Hostage_Taking_Barricade_Incident-Hostage_Taking_Kidnapping", "tgt_var": "VAR", "distance": 1712.5099853649672}, "_33.1#38.4#64.0#74.0#VAR_33.1#38.4#64.0#74.0#VAR_DEL_38.mod": {"aut": [[0, [-1, 0]]], "delay": 38, "gamma": 0.02075579603319666, "pit": [[0, [0.0341637022793293, 0.9658362865447998]]], "src": "33.1#38.4#64.0#74.0#VAR", "tgt": "33.1#38.4#64.0#74.0#VAR", "src_var": "VAR", "tgt_var": "VAR", "distance": 0.0}, "_38.4#43.7#24.0#34.0#VAR_33.1#38.4#64.0#74.0#VAR_DEL_52.mod": {"aut": [[0, [1, 0]], [1, [2, 0]], [2, [3, 0]], [3, [4, 0]], [4, [4, 0]]], "delay": 52, "gamma": 0.019233907584293886, "pit": [[0, [0.0, 1.0]], [1, [0.03076923079788685, 0.9692307710647583]], [2, [0.05000000447034836, 0.9500000476837158]], [3, [0.07017543911933899, 0.9298245906829834]], [4, [0.03130434826016426, 0.9686957001686096]]],