{"_1.3#6.6#44.0#54.0#VAR_38.4#43.7#14.0#24.0#VAR_DEL_55.mod": {"aut": [[0, [1, 2]], [1, [3, 4]], [2, [5, 1]], [3, [6, 7]], [4, [8, 4]], [5, [9, 10]], [6, [11, 3]], [7, [12, 13]], [8, [14, 15]], [9, [16, 17]], [10, [2, 9]], [11, [18, 19]], [12, [20, 21]], [13, [2, 18]], [14, [22, 7]], [15, [8, 20]], [16, [19, 20]], [17, [16, 23]], [18, [24, 24]], [19, [20, 25]], [20, [26, 0]], [21, [20, 20]], [22, [7, 20]], [23, [27, 20]], [24, [28, 20]], [25, [20, 20]], [26, [29, 20]], [27, [20, 20]], [28, [30, 20]], [29, [23, 31]], [30, [0, 20]], [31, [20, 20]]], "delay": 55, "gamma": 0.057786109930439866, "pit": [[0, [0.9560439586639404, 0.04395604506134987]], [1, [0.9589040875434875, 0.04109589010477066]], [2, [0.9777777791023254, 0.02222222276031971]], [3, [0.9821429252624512, 0.01785714365541935]], [4, [0.9811320900917053, 0.01886792480945587]], [5, [1.0, 0.0]], [6, [1.0, 0.0]], [7, [0.949999988079071, 0.05000000074505806]], [8, [0.9333333373069763, 0.06666667014360428]], [9, [0.9130434989929199, 0.08695652335882187]], [10, [0.8333333730697632, 0.1666666716337204]], [11, [1.0, 0.0]], [12, [0.9615384936332703, 0.03846153989434242]], [13, [0.9285714626312256, 0.0714285746216774]], [14, [1.0, 0.0]], [15, [0.9545454978942871, 0.04545454680919647]], [16, [0.9375, 0.0625]], [17, [1.0, 0.0]], [18, [1.0, 0.0]], [19, [0.9285714626312256, 0.0714285746216774]], [20, [0.9617021083831787, 0.0382978692650795]], [21, [1.0, 0.0]], [22, [0.9230769872665405, 0.07692307978868484]], [23, [0.9142857193946838, 0.08571428805589676]], [24, [0.9523809552192688, 0.0476190485060215]], [25, [1.0, 0.0]], [26, [0.9733333587646484, 0.02666666731238365]], [27, [0.9210526347160339, 0.07894736528396606]], [28, [0.9375, 0.0625]], [29, [0.9587628841400146, 0.04123711213469505]], [30, [1.0, 0.0]], [31, [0.9411764740943909, 0.05882352963089943]]], "src": "1.3#6.6#44.0#54.0#VAR", "tgt": "38.4#43.7#14.0#24.0#VAR", "src_var": "VAR", "tgt_var": "VAR", "distance": 3166.5562202508336}, "_43.7#49.0#34.0#44.0#VAR_38.4#43.7#14.0#24.0#VAR_DEL_25.mod": {"aut": [[0, [1, 2]], [1, [0, 3]], [2, [4, 5]], [3, [6, 7]], [4, [8, 3]], [5, [3, 3]], [6, [9, 3]], [7, [3, 3]], [8, [10, 3]], [9, [11, 3]], [10, [12, 3]], [11, [0, 3]], [12, [13, 3]], [13, [3, 3]]], "delay": 25, "gamma": 0.05324610686561082, "pit": [[0, [0.9545454382896423, 0.04545454680919647]], [1, [0.9582245349884033, 0.04177545756101608]], [2, [1.0, 0.0]], [3, [0.9961685538291931, 0.0038314175326377153]], [4, [0.875, 0.125]], [5, [1.0, 0.0]], [6, [0.9666666984558105, 0.03333333507180214]], [7, [0.9473684430122375, 0.05263157933950424]], [8, [0.7142857313156128, 0.2857142984867096]], [9, [0.9215686321258545, 0.0784313753247261]], [10, [0.8333333730697632, 0.1666666716337204]], [11, [0.9722222089767456, 0.02777777798473835]], [12, [1.0, 0.0]], [13, [1.0, 0.0]]], "src": "43.7#49.0#34.0#44.0#VAR", "tgt": "38.4#43.7#14.0#24.0#VAR", "src_var": "VAR", "tgt_var": "VAR", "distance": 1060.5049554012244}, "_33.1#38.4#4.0#14.0#VAR_38.4#43.7#14.0#24.0#VAR_DEL_21.mod": {"aut": [[0, [1, 2]], [1, [3, 4]], [2, [0, 5]], [3, [3, 6]], [4, [0, 0]], [5, [0, 0]], [6, [0, 0]]], "delay": 21, "gamma": 0.035621968762069245, "pit": [[0, [1.0, 0.0]], [1, [0.9473684430122375, 0.05263157933950424]], [2, [0.8888888955116272, 0.1111111119389534]], [3, [0.9614417552947998, 0.03855825588107109]], [4, [0.75, 0.25]], [5, [0.0, 1.0]], [6, [0.9583333134651184, 0.0416666679084301]]], "src": "33.1#38.4#4.0#14.0#VAR", "tgt": "38.4#43.7#14.0#24.0#VAR", "src_var": "VAR", "tgt_var": "VAR", "distance": 653.0000378754778}, "_6.6#11.9#4.0#14.0#VAR_38.4#43.7#14.0#24.0#VAR_DEL_40.mod": {"aut": [[0, [1, 2]], [1, [3, 4]], [2, [5, 0]], [3, [6, 0]], [4, [7, 0]], [5, [8, 4]], [6, [9, 5]], [7, [10, 0]], [8, [11, 0]], [9, [9, 12]], [10, [11, 0]], [11, [13, 0]], [12, [5, 14]], [13, [15, 0]], [14, [11, 0]], [15, [9, 0]]], "delay": 40, "gamma": 0.03362597619632224, "pit": [[0, [0.9679300785064697, 0.03206997364759445]], [1, [0.9748427271842957, 0.025157231837511063]], [2, [0.967391312122345, 0.032608695328235626]], [3, [0.9866666793823242, 0.013333333656191826]], [4, [0.9621212482452393, 0.03787878900766373]], [5, [0.9411765336990356, 0.05882353335618973]], [6, [0.9000000357627869, 0.10000000149011612]], [7, [0.9836065173149109, 0.016393441706895828]], [8, [0.9629629850387573, 0.03703703731298447]], [9, [0.9506173133850098, 0.04938271641731262]], [10, [1.0, 0.0]], [11, [0.910714328289032, 0.0892857164144516]], [12, [0.9428571462631226, 0.05714285746216774]], [13, [0.9090909361839294, 0.09090909361839294]], [14, [0.9411764740943909, 0.05882352963089943]], [15, [0.949999988079071, 0.05000000074505806]]], "src": "6.6#11.9#4.0#14.0#VAR", "tgt": "38.4#43.7#14.0#24.0#VAR", "src_var": "VAR", "tgt_var": "VAR", "distance": 2280.707316429432}, "_38.4#43.7#44.0#54.0#VAR_38.4#43.7#14.0#24.0#VAR_DEL_53.mod": {"aut": [[0, [0, 1]], [1, [2, 3]], [2, [4, 5]], [3, [6, 5]], [4, [7, 8]], [5, [0, 5]], [6, [5, 5]], [7, [1, 4]], [8, [9, 10]], [9, [11, 5]], [10, [5, 5]], [11, [12, 5]], [12, [5, 5]]], "delay": 53, "gamma": 0.028395314419817463, "pit": [[0, [0.9624060392379761, 0.03759398311376572]], [1, [0.9464285969734192, 0.0535714328289032]], [2, [0.9621621966362, 0.03783784061670303]], [3, [1.0, 0.0]], [4, [0.9615384936332703, 0.03846153989434242]], [5, [0.9913042783737183, 0.008695651777088642]], [6, [0.9655172228813171, 0.03448275849223137]], [7, [0.956250011920929, 0.04374999925494194]], [8, [0.9545454978942871, 0.04545454680919647]], [9, [0.949999988079071, 0.05000000074505806]], [10, [0.5, 0.5]], [11, [0.8823529481887817, 0.11764705926179886]], [12, [0.9333333969116211, 0.06666667014360428]]], "src": "38.4#43.7#44.0#54.0#VAR", "tgt": "38.4#43.7#14.0#24.0#VAR", "src_var": "VAR", "tgt_var": "VAR", "distance": 1555.3659217434883}, "_11.9#17.2#44.0#54.0#VAR_38.4#43.7#14.0#24.0#VAR_DEL_46.mod": {"aut": [[0, [1, 2]], [1, [3, 4]], [2, [5, 6]], [3, [7, 8]], [4, [4, 2]], [5, [4, 9]], [6, [1, 10]], [7, [3, 0]], [8, [11, 0]], [9, [0, 12]], [10, [8, 0]], [11, [10, 0]], [12, [10, 13]], [13, [0, 5]]], "delay": 46, "gamma": 0.02829825714448242, "pit": [[0, [0.9605911374092102, 0.03940886631608009]], [1, [0.963302731513977, 0.03669724613428116]], [2, [0.9678898453712463, 0.03211009129881859]], [3, [0.9714285731315613, 0.02857142873108387]], [4, [0.9597315192222595, 0.04026845842599869]], [5, [0.9702970385551453, 0.029702968895435333]], [6, [0.9142857193946838, 0.08571428805589676]], [7, [0.96875, 0.03125]], [8, [0.9761905074119568, 0.02380952425301075]], [9, [0.9729729890823364, 0.027027027681469917]], [10, [0.984375, 0.015625]], [11, [0.9375, 0.0625]], [12, [0.9574467539787292, 0.042553190141916275]], [13, [0.8965517282485962, 0.10344827175140381]]], "src": "11.9#17.2#44.0#54.0#VAR", "tgt": "38.4#43.7#14.0#24.0#VAR", "src_var": "VAR", "tgt_var": "VAR", "distance": 2566.2810747601134}, "_33.1#38.4#4.0#14.0#VAR_38.4#43.7#14.0#24.0#VAR_DEL_57.mod": {"aut": [[0, [0, 1]], [1, [2, 3]], [2, [0, 4]], [3, [2, 2]], [4, [2, 2]]], "delay": 57, "gamma": 0.028218472777388093, "pit": [[0, [0.9602917432785034, 0.03970826417207718]], [1, [0.944444477558136, 0.0555555559694767]], [2, [0.9999999403953552, 0.0]], [3, [0.7142857313156128, 0.2857142984867096]], [4, [0.9000000357627869, 0.10000000149011612]]], "src": "33.1#38.4#4.0#14.0#VAR", "tgt": "38.4#43.7#14.0#24.0#VAR", "src_var": "VAR", "tgt_var": "VAR", "distance": 653.0000378754778}, "_38.4#43.7#24.0#34.0#VAR_38.4#43.7#14.0#24.0#VAR_DEL_16.mod": {"aut": [[0, [0, 1]], [1, [2, 0]], [2, [3, 0]], [3, [4, 0]], [4, [5, 0]], [5, [0, 0]]], "delay": 16, "gamma": 0.0276663399138819, "pit": [[0, [0.9680065512657166, 0.03199343755841255]], [1, [0.8620689511299133, 0.13793103396892548]], [2, [0.9148935675621033, 0.08510638028383255]], [3, [0.9318181872367859, 0.06818182021379471]], [4, [0.9523809552192688, 0.0476190485060215]], [5, [0.9722222089767456, 0.02777777798473835]]], "src": "38.4#43.7#24.0#34.0#VAR", "tgt": "38.4#43.7#14.0#24.0#VAR", "src_var": "VAR", "tgt_var": "VAR", "distance": 520.7732122653844},