{"_6.6#11.9#4.0#14.0#VAR_38.4#43.7#24.0#34.0#VAR_DEL_13.mod": {"aut": [[0, [1, 2]], [1, [0, 3]], [2, [4, 5]], [3, [1, 6]], [4, [1, 7]], [5, [8, 9]], [6, [10, 11]], [7, [12, 3]], [8, [6, 0]], [9, [4, 13]], [10, [14, 3]], [11, [14, 15]], [12, [16, 17]], [13, [18, 19]], [14, [1, 14]], [15, [20, 19]], [16, [21, 22]], [17, [6, 11]], [18, [21, 23]], [19, [24, 19]], [20, [25, 14]], [21, [14, 26]], [22, [14, 14]], [23, [27, 14]], [24, [14, 2]], [25, [28, 14]], [26, [14, 14]], [27, [28, 26]], [28, [14, 14]]], "delay": 13, "gamma": 0.05708929686918551, "pit": [[0, [0.9537906646728516, 0.046209387481212616]], [1, [0.933362603187561, 0.06663744151592255]], [2, [0.9577651023864746, 0.04223493114113808]], [3, [0.9366253018379211, 0.06337470561265945]], [4, [0.948863685131073, 0.05113636702299118]], [5, [0.9783393144607544, 0.02166065014898777]], [6, [0.9421407580375671, 0.057859208434820175]], [7, [0.8604651093482971, 0.13953489065170288]], [8, [0.8577075600624084, 0.14229249954223633]], [9, [0.9205297827720642, 0.0794702023267746]], [10, [0.9722863435745239, 0.027713626623153687]], [11, [0.9449120163917542, 0.05508798733353615]], [12, [1.0, 0.0]], [13, [1.0, 0.0]], [14, [0.9674443602561951, 0.03255561739206314]], [15, [0.9660537838935852, 0.03394625335931778]], [16, [0.835616409778595, 0.16438356041908264]], [17, [1.0, 0.0]], [18, [1.0, 0.0]], [19, [0.988990843296051, 0.011009174399077892]], [20, [0.751724123954773, 0.24827586114406586]], [21, [0.859649121761322, 0.14035087823867798]], [22, [1.0, 0.0]], [23, [1.0, 0.0]], [24, [0.9323943257331848, 0.0676056295633316]], [25, [0.6689655184745789, 0.33103448152542114]], [26, [1.0, 0.0]], [27, [1.0, 0.0]], [28, [0.5, 0.5]]], "src": "6.6#11.9#4.0#14.0#VAR", "tgt": "38.4#43.7#24.0#34.0#VAR", "src_var": "VAR", "tgt_var": "VAR", "distance": 2514.2646312486218}, "_6.6#11.9#4.0#14.0#VAR_38.4#43.7#24.0#34.0#VAR_DEL_47.mod": {"aut": [[0, [1, 2]], [1, [3, 0]], [2, [0, 4]], [3, [5, 2]], [4, [3, 6]], [5, [7, 4]], [6, [0, 8]], [7, [9, 10]], [8, [11, 12]], [9, [0, 13]], [10, [4, 3]], [11, [14, 15]], [12, [16, 17]], [13, [18, 0]], [14, [12, 19]], [15, [20, 15]], [16, [15, 15]], [17, [1, 21]], [18, [14, 15]], [19, [12, 15]], [20, [15, 13]], [21, [2, 22]], [22, [15, 0]]], "delay": 47, "gamma": 0.054021695160475613, "pit": [[0, [0.95652174949646, 0.043478261679410934]], [1, [0.9222222566604614, 0.07777778059244156]], [2, [0.9240506291389465, 0.07594937086105347]], [3, [0.9462365508079529, 0.05376344174146652]], [4, [0.9629629850387573, 0.03703703731298447]], [5, [1.0, 0.0]], [6, [0.9032257795333862, 0.09677419066429138]], [7, [0.9642857313156128, 0.0357142873108387]], [8, [0.925000011920929, 0.07500000298023224]], [9, [0.9473684430122375, 0.05263157933950424]], [10, [1.0, 0.0]], [11, [0.9285714626312256, 0.0714285746216774]], [12, [0.8461538553237915, 0.1538461595773697]], [13, [0.942307710647583, 0.05769231170415878]], [14, [0.9655172228813171, 0.03448275849223137]], [15, [0.9651740789413452, 0.03482586890459061]], [16, [1.0, 0.0]], [17, [0.9285714626312256, 0.0714285746216774]], [18, [0.9677419066429138, 0.032258063554763794]], [19, [0.9090909361839294, 0.09090909361839294]], [20, [0.9545454382896423, 0.045454543083906174]], [21, [1.0, 0.0]], [22, [0.8181818723678589, 0.1818181872367859]]], "src": "6.6#11.9#4.0#14.0#VAR", "tgt": "38.4#43.7#24.0#34.0#VAR", "src_var": "VAR", "tgt_var": "VAR", "distance": 2514.2646312486218}, "_6.6#11.9#4.0#14.0#VAR_38.4#43.7#24.0#34.0#VAR_DEL_15.mod": {"aut": [[0, [1, 2]], [1, [3, 4]], [2, [5, 6]], [3, [7, 8]], [4, [1, 9]], [5, [10, 11]], [6, [12, 13]], [7, [14, 0]], [8, [15, 16]], [9, [1, 11]], [10, [10, 17]], [11, [2, 7]], [12, [10, 18]], [13, [4, 5]], [14, [19, 20]], [15, [21, 22]], [16, [15, 1]], [17, [23, 16]], [18, [20, 9]], [19, [16, 16]], [20, [16, 16]], [21, [24, 20]], [22, [25, 16]], [23, [21, 1]], [24, [26, 27]], [25, [16, 26]], [26, [0, 28]], [27, [17, 16]], [28, [16, 16]]], "delay": 15, "gamma": 0.05213201419821745, "pit": [[0, [0.9850745797157288, 0.014925372786819935]], [1, [0.9340659379959106, 0.06593406945466995]], [2, [0.9361701607704163, 0.06382978707551956]], [3, [0.9354838728904724, 0.06451612710952759]], [4, [0.9375, 0.0625]], [5, [0.9259259104728699, 0.07407407462596893]], [6, [0.84375, 0.15625]], [7, [0.9729729890823364, 0.027027027681469917]], [8, [0.9622641801834106, 0.03773584961891174]], [9, [0.944444477558136, 0.0555555559694767]], [10, [0.9512194991111755, 0.04878048598766327]], [11, [0.9591836333274841, 0.040816325694322586]], [12, [1.0, 0.0]], [13, [0.8500000238418579, 0.15000000596046448]], [14, [1.0, 0.0]], [15, [0.9494949579238892, 0.05050504952669144]], [16, [0.9788731932640076, 0.0211267601698637]], [17, [0.9000000357627869, 0.10000000149011612]], [18, [0.7777777910232544, 0.2222222238779068]], [19, [1.0, 0.0]], [20, [0.9302325248718262, 0.06976744532585144]], [21, [0.9166666865348816, 0.0833333358168602]], [22, [0.9555555582046509, 0.04444444552063942]], [23, [0.8888888955116272, 0.1111111119389534]], [24, [0.9210526347160339, 0.07894736528396606]], [25, [0.9523809552192688, 0.0476190485060215]], [26, [0.925000011920929, 0.07500000298023224]], [27, [0.9000000357627869, 0.10000000149011612]], [28, [1.0, 0.0]]], "src": "6.6#11.9#4.0#14.0#VAR", "tgt": "38.4#43.7#24.0#34.0#VAR", "src_var": "VAR", "tgt_var": "VAR", "distance": 2514.2646312486218}, "_27.8#33.1#64.0#74.0#VAR_38.4#43.7#24.0#34.0#VAR_DEL_16.mod": {"aut": [[0, [-1, 0]]], "delay": 16, "gamma": 0.04477937981437674, "pit": [[0, [0.9480122923851013, 0.051987770944833755]]], "src": "27.8#33.1#64.0#74.0#VAR", "tgt": "38.4#43.7#24.0#34.0#VAR", "src_var": "VAR", "tgt_var": "VAR", "distance": 2336.4127693856894}, "_6.6#11.9#4.0#14.0#VAR_38.4#43.7#24.0#34.0#VAR_DEL_10.mod": {"aut": [[0, [1, 2]], [1, [3, 4]], [2, [5, 6]], [3, [7, 8]], [4, [9, 10]], [5, [8, 2]], [6, [8, 11]], [7, [12, 0]], [8, [13, 14]], [9, [0, 15]], [10, [16, 17]], [11, [1, 12]], [12, [18, 19]], [13, [20, 21]], [14, [22, 23]], [15, [24, 0]], [16, [25, 26]], [17, [27, 28]], [18, [25, 18]], [19, [29, 30]], [20, [25, 25]], [21, [31, 25]], [22, [25, 25]], [23, [8, 32]], [24, [33, 32]], [25, [10, 25]], [26, [34, 31]], [27, [35, 3]], [28, [25, 25]], [29, [36, 35]], [30, [25, 37]], [31, [31, 25]], [32, [25, 25]], [33, [35, 38]], [34, [35, 38]], [35, [25, 25]], [36, [25, 25]], [37, [25, 37]], [38, [39, 25]], [39, [25, 25]]], "delay": 10, "gamma": 0.038482401194087856, "pit": [[0, [0.8322368264198303, 0.16776315867900848]], [1, [0.9869281053543091, 0.013071895577013493]], [2, [0.9019608497619629, 0.09803922474384308]], [3, [0.9987452626228333, 0.001254705130122602]], [4, [1.0, 0.0]], [5, [0.9901961088180542, 0.009803921915590763]], [6, [0.8387096524238586, 0.16129031777381897]], [7, [0.8984063863754272, 0.10159362852573395]], [8, [0.9942857027053833, 0.0057142856530845165]], [9, [0.5, 0.5]], [10, [0.9378109574317932, 0.06218905746936798]], [11, [0.761904776096344, 0.2380952537059784]], [12, [0.9964412450790405, 0.0035587188322097063]], [13, [0.9950494766235352, 0.004950494971126318]], [14, [0.9230769276618958, 0.07692307978868484]], [15, [1.0, 0.0]], [16, [0.9319105744361877, 0.06808943301439285]], [17, [0.9253174066543579, 0.07468260079622269]], [18, [0.9967948794364929, 0.0032051282469183207]], [19, [1.0, 0.0]], [20, [0.9870129823684692, 0.012987012974917889]], [21, [1.0, 0.0]], [22, [0.9870129823684692, 0.012987012974917889]], [23, [0.9000000357627869, 0.10000000149011612]], [24, [0.5, 0.5]], [25, [0.9410483837127686, 0.05895159766077995]], [26, [0.9836173057556152, 0.016382699832320213]], [27, [0.962081789970398, 0.03791821748018265]], [28, [0.9437359571456909, 0.05626406520605087]], [29, [0.9803922176361084, 0.019607843831181526]], [30, [0.9999999403953552, 0.0]], [31, [0.9539952278137207, 0.04600484296679497]], [32, [1.0, 0.0]], [33, [0.0, 1.0]], [34, [0.9285714030265808, 0.0714285671710968]], [35, [0.9767658114433289, 0.023234199732542038]], [36, [1.0, 0.0]], [37, [1.0, 0.0]], [38, [1.0, 0.0]], [39, [0.875, 0.125]]], "src": "6.6#11.9#4.0#14.0#VAR",