{"_43.7#49.0#34.0#44.0#Bombing_Explosion-Facility_Infrastructure_Attack_1.3#6.6#24.0#34.0#VAR_DEL_28.mod": {"aut": [[0, [1, 2]], [1, [3, 4]], [2, [2, 5]], [3, [6, 7]], [4, [1, 7]], [5, [8, 9]], [6, [10, 11]], [7, [10, 12]], [8, [13, 3]], [9, [14, 15]], [10, [10, 16]], [11, [17, 18]], [12, [17, 0]], [13, [19, 17]], [14, [20, 16]], [15, [13, 21]], [16, [17, 11]], [17, [2, 22]], [18, [17, 17]], [19, [17, 23]], [20, [17, 17]], [21, [24, 8]], [22, [17, 17]], [23, [17, 17]], [24, [8, 22]]], "delay": 28, "gamma": 0.09420735515862555, "pit": [[0, [0.8888888955116272, 0.1111111119389534]], [1, [0.6666666865348816, 0.3333333432674408]], [2, [0.9712643623352051, 0.028735632076859474]], [3, [1.0, 0.0]], [4, [0.75, 0.25]], [5, [0.9508196115493774, 0.049180325120687485]], [6, [0.875, 0.125]], [7, [0.8461538553237915, 0.1538461595773697]], [8, [0.9069767594337463, 0.09302325546741486]], [9, [0.9199999570846558, 0.07999999821186066]], [10, [0.9090909361839294, 0.09090909361839294]], [11, [0.8333333730697632, 0.1666666716337204]], [12, [0.9090909361839294, 0.09090909361839294]], [13, [0.96875, 0.03125]], [14, [1.0, 0.0]], [15, [1.0, 0.0]], [16, [1.0, 0.0]], [17, [0.9230769872665405, 0.07692307978868484]], [18, [1.0, 0.0]], [19, [0.875, 0.125]], [20, [1.0, 0.0]], [21, [0.7777777910232544, 0.2222222238779068]], [22, [0.9344261884689331, 0.06557376682758331]], [23, [0.75, 0.25]], [24, [1.0, 0.0]]], "src": "43.7#49.0#34.0#44.0#Bombing_Explosion-Facility_Infrastructure_Attack", "tgt": "1.3#6.6#24.0#34.0#VAR", "src_var": "Bombing_Explosion-Facility_Infrastructure_Attack", "tgt_var": "VAR", "distance": 2990.4690172222595}, "_43.7#49.0#34.0#44.0#VAR_1.3#6.6#24.0#34.0#VAR_DEL_9.mod": {"aut": [[0, [1, 2]], [1, [3, 0]], [2, [4, 5]], [3, [6, 6]], [4, [7, 8]], [5, [5, 9]], [6, [6, 1]], [7, [1, 10]], [8, [11, 12]], [9, [13, 14]], [10, [15, 2]], [11, [16, 17]], [12, [10, 18]], [13, [19, 1]], [14, [8, 20]], [15, [10, 10]], [16, [10, 10]], [17, [10, 10]], [18, [11, 21]], [19, [10, 10]], [20, [4, 21]], [21, [10, 8]]], "delay": 9, "gamma": 0.0749961384750204, "pit": [[0, [0.9583333730697632, 0.0416666679084301]], [1, [0.9666666984558105, 0.03333333507180214]], [2, [0.9230769872665405, 0.07692307978868484]], [3, [0.8918918967247009, 0.10810811072587967]], [4, [0.949999988079071, 0.05000000074505806]], [5, [0.9500000476837158, 0.05000000447034836]], [6, [0.9760192036628723, 0.023980814963579178]], [7, [1.0, 0.0]], [8, [0.9583333730697632, 0.0416666679084301]], [9, [0.9393939971923828, 0.06060606241226196]], [10, [0.875, 0.125]], [11, [0.8333333134651184, 0.1666666716337204]], [12, [0.9090909361839294, 0.09090909361839294]], [13, [0.7272727489471436, 0.27272728085517883]], [14, [0.9090909361839294, 0.09090909361839294]], [15, [0.8888888955116272, 0.1111111119389534]], [16, [0.8571429252624512, 0.1428571492433548]], [17, [0.9090909361839294, 0.09090909361839294]], [18, [0.9615384936332703, 0.03846153989434242]], [19, [1.0, 0.0]], [20, [0.9230769872665405, 0.07692307978868484]], [21, [0.8857142925262451, 0.11428571492433548]]], "src": "43.7#49.0#34.0#44.0#VAR", "tgt": "1.3#6.6#24.0#34.0#VAR", "src_var": "VAR", "tgt_var": "VAR", "distance": 2990.4690172222595}, "_6.6#11.9#4.0#14.0#Bombing_Explosion-Facility_Infrastructure_Attack_1.3#6.6#24.0#34.0#VAR_DEL_24.mod": {"aut": [[0, [1, 2]], [1, [3, 4]], [2, [5, 6]], [3, [3, 4]], [4, [5, 7]], [5, [0, 5]], [6, [0, 4]], [7, [8, 2]], [8, [9, 0]], [9, [7, 0]]], "delay": 24, "gamma": 0.05851533882900928, "pit": [[0, [0.9634146094322205, 0.03658536449074745]], [1, [0.9344261884689331, 0.06557376682758331]], [2, [0.9206349849700928, 0.0793650820851326]], [3, [0.9783950448036194, 0.021604938432574272]], [4, [0.9166666865348816, 0.0833333358168602]], [5, [0.9487179517745972, 0.05128205195069313]], [6, [0.9090909361839294, 0.09090909361839294]], [7, [0.8958333730697632, 0.1041666716337204]], [8, [0.8888888955116272, 0.1111111119389534]], [9, [0.7058823704719543, 0.29411765933036804]]], "src": "6.6#11.9#4.0#14.0#Bombing_Explosion-Facility_Infrastructure_Attack", "tgt": "1.3#6.6#24.0#34.0#VAR", "src_var": "Bombing_Explosion-Facility_Infrastructure_Attack", "tgt_var": "VAR", "distance": 1420.1324111139209}, "_6.6#11.9#4.0#14.0#Armed_Assault-Assassination-Hijacking-Hostage_Taking_Barricade_Incident-Hostage_Taking_Kidnapping_1.3#6.6#24.0#34.0#VAR_DEL_17.mod": {"aut": [[0, [1, 2]], [1, [3, 4]], [2, [5, 6]], [3, [7, 8]], [4, [1, 4]], [5, [9, 10]], [6, [4, 11]], [7, [0, 12]], [8, [5, 13]], [9, [10, 10]], [10, [14, 15]], [11, [16, 17]], [12, [18, 9]], [13, [19, 17]], [14, [19, 20]], [15, [21, 22]], [16, [10, 23]], [17, [24, 25]], [18, [26, 19]], [19, [7, 6]], [20, [19, 27]], [21, [19, 19]], [22, [28, 29]], [23, [19, 19]], [24, [19, 19]], [25, [30, 31]], [26, [0, 19]], [27, [32, 19]], [28, [19, 19]], [29, [19, 19]], [30, [19, 19]], [31, [19, 29]], [32, [19, 19]]], "delay": 17, "gamma": 0.05347363967559826, "pit": [[0, [0.9599999785423279, 0.03999999910593033]], [1, [0.9534883499145508, 0.04651162773370743]], [2, [0.9354838132858276, 0.06451612710952759]], [3, [0.9619048237800598, 0.03809523954987526]], [4, [0.9558823704719543, 0.04411764815449715]], [5, [0.9142857193946838, 0.08571428805589676]], [6, [0.9365079998970032, 0.0634920671582222]], [7, [0.9626865386962891, 0.03731343150138855]], [8, [0.9090909361839294, 0.09090909361839294]], [9, [0.9750000238418579, 0.02500000037252903]], [10, [0.984375, 0.015625]], [11, [0.9629629850387573, 0.03703703731298447]], [12, [0.9038462042808533, 0.09615384787321091]], [13, [0.8823529481887817, 0.11764705926179886]], [14, [0.9750000238418579, 0.02500000037252903]], [15, [0.9583333730697632, 0.0416666679084301]], [16, [1.0, 0.0]], [17, [0.8333333730697632, 0.1666666716337204]], [18, [0.96875, 0.03125]], [19, [0.9557521939277649, 0.044247787445783615]], [20, [1.0, 0.0]], [21, [0.9230769872665405, 0.07692307978868484]], [22, [0.9090909361839294, 0.09090909361839294]], [23, [0.75, 0.25]], [24, [0.9333333969116211, 0.06666667014360428]], [25, [1.0, 0.0]], [26, [1.0, 0.0]], [27, [1.0, 0.0]], [28, [1.0, 0.0]], [29, [0.800000011920929, 0.20000000298023224]], [30, [1.0, 0.0]], [31, [1.0, 0.0]], [32, [1.0, 0.0]]], "src": "6.6#11.9#4.0#14.0#Armed_Assault-Assassination-Hijacking-Hostage_Taking_Barricade_Incident-Hostage_Taking_Kidnapping", "tgt": "1.3#6.6#24.0#34.0#VAR", "src_var": "Armed_Assault-Assassination-Hijacking-Hostage_Taking_Barricade_Incident-Hostage_Taking_Kidnapping", "tgt_var": "VAR", "distance": 1420.1324111139209}, "_43.7#49.0#24.0#34.0#Bombing_Explosion-Facility_Infrastructure_Attack_1.3#6.6#24.0#34.0#VAR_DEL_51.mod": {"aut": [[0, [2, 0]], [1, [3, 4]], [2, [5, 0]], [3, [6, 7]], [4, [8, 0]], [5, [9, 0]], [6, [6, 7]], [7, [10, 0]], [8, [11, 0]], [9, [12, 0]], [10, [0, 0]], [11, [13, 0]], [12, [14, 0]], [13, [15, 0]], [14, [16, 0]], [15, [9, 0]], [16, [1, 0]]], "delay": 51, "gamma": 0.04807210200653789, "pit": [[0, [0.8416289687156677, 0.15837104618549347]], [1, [0.9561403393745422, 0.04385964944958687]], [2, [0.9257425665855408, 0.07425742596387863]], [3, [0.9545454382896423, 0.045454543083906174]], [4, [1.0, 0.0]], [5, [0.9465240836143494, 0.053475938737392426]], [6, [0.9600297808647156, 0.03997025638818741]], [7, [0.9090908765792847, 0.09090908616781235]], [8, [0.1666666716337204, 0.8333333730697632]], [9, [0.8554912805557251, 0.14450865983963013]], [10, [1.0, 0.0]], [11, [1.0, 0.0]], [12, [0.907975435256958, 0.0920245349407196]], [13, [1.0, 0.0]], [14, [0.9650349617004395, 0.03496503457427025]], [15, [1.0, 0.0]], [16, [1.0, 0.0]]], "src": "43.7#49.0#24.0#34.0#Bombing_Explosion-Facility_Infrastructure_Attack", "tgt": "1.3#6.6#24.0#34.0#VAR", "src_var": "Bombing_Explosion-Facility_Infrastructure_Attack", "tgt_var": "VAR", "distance": 2929.5609888880294}, "_43.7#49.0#34.0#44.0#Bombing_Explosion-Facility_Infrastructure_Attack_1.3#6.6#24.0#34.0#VAR_DEL_39.mod": {"aut": [[0, [1, 2]], [1, [1, 3]], [2, [4, 4]], [3, [0, 2]], [4, [0, 3]]], "delay": 39, "gamma": 0.04716613004736925,