{"_43.7#49.0#34.0#44.0#VAR_1.3#6.6#24.0#34.0#VAR_DEL_14.mod": {"aut": [[0, [1, 2]], [1, [3, 4]], [2, [5, 6]], [3, [7, 8]], [4, [9, 10]], [5, [8, 11]], [6, [12, 13]], [7, [14, 15]], [8, [16, 17]], [9, [18, 10]], [10, [19, 20]], [11, [21, 22]], [12, [23, 24]], [13, [25, 4]], [14, [26, 27]], [15, [28, 29]], [16, [30, 29]], [17, [31, 29]], [18, [1, 32]], [19, [33, 5]], [20, [8, 34]], [21, [29, 13]], [22, [8, 35]], [23, [8, 29]], [24, [29, 16]], [25, [35, 36]], [26, [26, 34]], [27, [37, 29]], [28, [20, 29]], [29, [2, 29]], [30, [38, 39]], [31, [5, 29]], [32, [39, 40]], [33, [16, 29]], [34, [41, 42]], [35, [42, 0]], [36, [29, 33]], [37, [43, 29]], [38, [44, 29]], [39, [45, 45]], [40, [29, 29]], [41, [29, 29]], [42, [29, 29]], [43, [21, 39]], [44, [29, 29]], [45, [29, 29]]], "delay": 14, "gamma": 0.08426183743449156, "pit": [[0, [0.7515151500701904, 0.24848483502864838]], [1, [0.5287356376647949, 0.4712643623352051]], [2, [0.9420745372772217, 0.05792545899748802]], [3, [0.9999999403953552, 0.0]], [4, [0.7780784368515015, 0.22192150354385376]], [5, [0.9606828689575195, 0.03931712359189987]], [6, [0.9711876511573792, 0.028812367469072342]], [7, [1.0, 0.0]], [8, [0.9887065291404724, 0.01129345316439867]], [9, [0.9999999403953552, 0.0]], [10, [0.9375951290130615, 0.06240487098693848]], [11, [0.8954081535339355, 0.10459183156490326]], [12, [0.9321191906929016, 0.0678807944059372]], [13, [0.9091916084289551, 0.09080841392278671]], [14, [1.0, 0.0]], [15, [1.0, 0.0]], [16, [0.9841545820236206, 0.015845410525798798]], [17, [0.8677419424057007, 0.13225805759429932]], [18, [0.5176470875740051, 0.48235294222831726]], [19, [1.0, 0.0]], [20, [0.909691572189331, 0.09030836820602417]], [21, [1.0, 0.0]], [22, [0.9168356657028198, 0.08316429704427719]], [23, [0.8974999785423279, 0.10249999910593033]], [24, [1.0, 0.0]], [25, [0.8019323348999023, 0.19806763529777527]], [26, [1.0, 0.0]], [27, [1.0, 0.0]], [28, [1.0, 0.0]], [29, [0.9345541596412659, 0.06544589251279831]], [30, [0.9813296794891357, 0.018670309334993362]], [31, [1.0, 0.0]], [32, [1.0, 0.0]], [33, [1.0, 0.0]], [34, [0.8918206095695496, 0.10817942023277283]], [35, [1.0, 0.0]], [36, [0.6693547964096069, 0.3306451439857483]], [37, [1.0, 0.0]], [38, [0.9697044491767883, 0.030295567587018013]], [39, [0.8776119351387024, 0.12238805741071701]], [40, [1.0, 0.0]], [41, [1.0, 0.0]], [42, [0.9007264375686646, 0.09927361458539963]], [43, [1.0, 0.0]], [44, [0.9795867800712585, 0.020413244143128395]], [45, [1.0, 0.0]]], "src": "43.7#49.0#34.0#44.0#VAR", "tgt": "1.3#6.6#24.0#34.0#VAR", "src_var": "VAR", "tgt_var": "VAR", "distance": 2990.4690172222595}, "_43.7#49.0#34.0#44.0#VAR_1.3#6.6#24.0#34.0#VAR_DEL_9.mod": {"aut": [[0, [1, 2]], [1, [3, 0]], [2, [4, 5]], [3, [6, 6]], [4, [7, 8]], [5, [5, 9]], [6, [6, 1]], [7, [1, 10]], [8, [11, 12]], [9, [13, 14]], [10, [15, 2]], [11, [16, 17]], [12, [10, 18]], [13, [19, 1]], [14, [8, 20]], [15, [10, 10]], [16, [10, 10]], [17, [10, 10]], [18, [11, 21]], [19, [10, 10]], [20, [4, 21]], [21, [10, 8]]], "delay": 9, "gamma": 0.0749961384750204, "pit": [[0, [0.9583333730697632, 0.0416666679084301]], [1, [0.9666666984558105, 0.03333333507180214]], [2, [0.9230769872665405, 0.07692307978868484]], [3, [0.8918918967247009, 0.10810811072587967]], [4, [0.949999988079071, 0.05000000074505806]], [5, [0.9500000476837158, 0.05000000447034836]], [6, [0.9760192036628723, 0.023980814963579178]], [7, [1.0, 0.0]], [8, [0.9583333730697632, 0.0416666679084301]], [9, [0.9393939971923828, 0.06060606241226196]], [10, [0.875, 0.125]], [11, [0.8333333134651184, 0.1666666716337204]], [12, [0.9090909361839294, 0.09090909361839294]], [13, [0.7272727489471436, 0.27272728085517883]], [14, [0.9090909361839294, 0.09090909361839294]], [15, [0.8888888955116272, 0.1111111119389534]], [16, [0.8571429252624512, 0.1428571492433548]], [17, [0.9090909361839294, 0.09090909361839294]], [18, [0.9615384936332703, 0.03846153989434242]], [19, [1.0, 0.0]], [20, [0.9230769872665405, 0.07692307978868484]], [21, [0.8857142925262451, 0.11428571492433548]]], "src": "43.7#49.0#34.0#44.0#VAR", "tgt": "1.3#6.6#24.0#34.0#VAR", "src_var": "VAR", "tgt_var": "VAR", "distance": 2990.4690172222595}, "_43.7#49.0#34.0#44.0#VAR_1.3#6.6#24.0#34.0#VAR_DEL_20.mod": {"aut": [[0, [1, 2]], [1, [1, 3]], [2, [4, 5]], [3, [6, 7]], [4, [8, 9]], [5, [1, 2]], [6, [10, 11]], [7, [12, 13]], [8, [3, 0]], [9, [14, 5]], [10, [12, 14]], [11, [14, 14]], [12, [15, 16]], [13, [14, 7]], [14, [8, 2]], [15, [17, 14]], [16, [14, 14]], [17, [14, 14]]], "delay": 20, "gamma": 0.07089741277374195, "pit": [[0, [1.0, 0.0]], [1, [0.9658120274543762, 0.03418803587555885]], [2, [0.8971962332725525, 0.10280373692512512]], [3, [0.9230769276618958, 0.07692307233810425]], [4, [0.9642857313156128, 0.0357142873108387]], [5, [0.9101123809814453, 0.08988764137029648]], [6, [0.982300877571106, 0.017699114978313446]], [7, [0.9285714626312256, 0.0714285746216774]], [8, [0.946969747543335, 0.05303030461072922]], [9, [0.8000000715255737, 0.20000001788139343]], [10, [0.9805825352668762, 0.019417475908994675]], [11, [1.0, 0.0]], [12, [0.982300877571106, 0.017699114978313446]], [13, [0.8684210777282715, 0.1315789520740509]], [14, [0.9729729890823364, 0.027027027681469917]], [15, [0.9705882668495178, 0.029411766678094864]], [16, [0.9090909361839294, 0.09090909361839294]], [17, [0.9898989796638489, 0.010101010091602802]]], "src": "43.7#49.0#34.0#44.0#VAR", "tgt": "1.3#6.6#24.0#34.0#VAR", "src_var": "VAR", "tgt_var": "VAR", "distance": 2990.4690172222595}, "_43.7#49.0#34.0#44.0#VAR_1.3#6.6#24.0#34.0#VAR_DEL_17.mod": {"aut": [[0, [0, 1]], [1, [2, 1]], [2, [3, 1]], [3, [0, 0]]], "delay": 17, "gamma": 0.07053654044291902, "pit": [[0, [0.9786276817321777, 0.02137232944369316]], [1, [0.9137465953826904, 0.08625336736440659]], [2, [0.8655462861061096, 0.13445378839969635]], [3, [0.9696969985961914, 0.03030303120613098]]], "src": "43.7#49.0#34.0#44.0#VAR", "tgt": "1.3#6.6#24.0#34.0#VAR", "src_var": "VAR", "tgt_var": "VAR", "distance": 2990.4690172222595}, "_27.8#33.1#64.0#74.0#VAR_1.3#6.6#24.0#34.0#VAR_DEL_25.mod": {"aut": [[0, [-1, 0]]], "delay": 25, "gamma": 0.0699802553346287, "pit": [[0, [0.9564220309257507, 0.04357798397541046]]], "src": "27.8#33.1#64.0#74.0#VAR", "tgt": "1.3#6.6#24.0#34.0#VAR", "src_var": "VAR", "tgt_var": "VAR", "distance": 3183.4198226242174}, "_6.6#11.9#14.0#24.0#VAR_1.3#6.6#24.0#34.0#VAR_DEL_54.mod": {"aut": [[0, [1, 0]], [1, [2, 0]], [2, [3, 0]], [3, [3, 4]], [4, [5, 0]], [5, [6, 0]], [6, [7, 0]], [7, [0, 0]]], "delay": 54, "gamma": 0.060592174845575886, "pit": [[0, [0.9545454978942871, 0.04545454680919647]], [1, [0.98333340883255, 0.01666666753590107]], [2, [0.944444477558136, 0.0555555559694767]], [3, [0.9622997045516968, 0.03770028054714203]], [4, [0.8478261232376099, 0.15217392146587372]], [5, [0.8181818723678589, 0.1818181872367859]], [6, [0.8292682766914368, 0.17073169350624084]], [7, [1.0, 0.0]]], "src": "6.6#11.9#14.0#24.0#VAR", "tgt": "1.3#6.6#24.0#34.0#VAR", "src_var": "VAR", "tgt_var": "VAR", "distance": 777.6997186246649}, "_43.7#49.0#34.0#44.0#VAR_1.3#6.6#24.0#34.0#VAR_DEL_33.mod": {"aut": [[0, [1, 2]], [1, [1, 3]], [2, [4, 4]], [3, [3, 5]], [4, [0, 4]], [5, [4, 2]]], "delay": 33, "gamma": 0.060325390325449146, "pit": [[0, [0.9080459475517273, 0.09195402264595032]], [1, [0.9668874144554138, 0.03311258181929588]], [2, [0.8983050584793091, 0.10169491171836853]], [3, [0.9818913340568542, 0.018108651041984558]], [4, [0.9134948253631592, 0.08650518953800201]], [5, [0.8636363744735718, 0.13636364042758942]]], "src": "43.7#49.0#34.0#44.0#VAR", "tgt": "1.3#6.6#24.0#34.0#VAR", "src_var": "VAR", "tgt_var": "VAR", "distance": 2990.4690172222595}, "_27.8#33.1#44.0#54.0#VAR_1.3#6.6#24.0#34.0#VAR_DEL_38.mod": {"aut": [[0, [0, 1]], [1, [2, 3]], [2, [4, 4]], [3, [5, 6]], [4, [4, 0]], [5, [0, 7]], [6, [8, 9]], [7, [4, 10]], [8, [4, 1]], [9, [11, 12]], [10, [13, 5]], [11, [2, 10]], [12, [14, 11]], [13, [10, 11]], [14, [15, 10]], [15, [10, 10]]], "delay": 38, "gamma": 0.05749640162279335,