{"_6.6#11.9#4.0#14.0#VAR_6.6#11.9#44.0#54.0#Bombing_Explosion-Facility_Infrastructure_Attack_DEL_46.mod": {"aut": [[0, [1, 2]], [1, [3, 4]], [2, [5, 6]], [3, [7, 8]], [4, [8, 9]], [5, [10, 11]], [6, [10, 12]], [7, [13, 1]], [8, [14, 15]], [9, [16, 17]], [10, [1, 18]], [11, [8, 19]], [12, [20, 0]], [13, [21, 18]], [14, [12, 3]], [15, [18, 18]], [16, [22, 2]], [17, [10, 23]], [18, [0, 13]], [19, [24, 5]], [20, [25, 26]], [21, [7, 18]], [22, [18, 18]], [23, [18, 27]], [24, [28, 18]], [25, [18, 18]], [26, [29, 30]], [27, [18, 31]], [28, [18, 18]], [29, [32, 18]], [30, [33, 18]], [31, [34, 18]], [32, [34, 18]], [33, [35, 18]], [34, [-1, 18]], [35, [18, 18]]], "delay": 46, "gamma": 0.1113124703640529, "pit": [[0, [0.9671497344970703, 0.0328502394258976]], [1, [1.0, 0.0]], [2, [0.9340318441390991, 0.06596817821264267]], [3, [0.9879475235939026, 0.012052463367581367]], [4, [0.9758006930351257, 0.024199288338422775]], [5, [1.0, 0.0]], [6, [0.927505373954773, 0.07249467074871063]], [7, [1.0, 0.0]], [8, [0.9403770565986633, 0.05962297320365906]], [9, [0.9507958889007568, 0.04920405149459839]], [10, [0.9489489793777466, 0.051051050424575806]], [11, [1.0, 0.0]], [12, [0.9589619636535645, 0.04103802144527435]], [13, [0.9556549191474915, 0.04434506967663765]], [14, [0.9750000238418579, 0.02500000037252903]], [15, [1.0, 0.0]], [16, [0.9999999403953552, 0.0]], [17, [1.0, 0.0]], [18, [0.985903799533844, 0.014096185564994812]], [19, [1.0, 0.0]], [20, [1.0, 0.0]], [21, [0.985647976398468, 0.014352047815918922]], [22, [1.0, 0.0]], [23, [0.8100558519363403, 0.18994413316249847]], [24, [1.0, 0.0]], [25, [1.0, 0.0]], [26, [0.9095744490623474, 0.0904255285859108]], [27, [1.0, 0.0]], [28, [1.0, 0.0]], [29, [1.0, 0.0]], [30, [1.0, 0.0]], [31, [1.0, 0.0]], [32, [1.0, 0.0]], [33, [1.0, 0.0]], [34, [1.0, 0.0]], [35, [1.0, 0.0]]], "src": "6.6#11.9#4.0#14.0#VAR", "tgt": "6.6#11.9#44.0#54.0#Bombing_Explosion-Facility_Infrastructure_Attack", "src_var": "VAR", "tgt_var": "Bombing_Explosion-Facility_Infrastructure_Attack", "distance": 2726.295739452291}, "_6.6#11.9#24.0#34.0#VAR_6.6#11.9#44.0#54.0#Bombing_Explosion-Facility_Infrastructure_Attack_DEL_21.mod": {"aut": [[0, [0, 1]], [1, [2, 3]], [2, [4, 5]], [3, [2, 3]], [4, [0, 3]], [5, [6, 3]], [6, [3, 7]], [7, [8, 3]], [8, [3, -1]]], "delay": 21, "gamma": 0.06740245635904862, "pit": [[0, [0.977011501789093, 0.02298850566148758]], [1, [1.0, 0.0]], [2, [0.9468084573745728, 0.05319148674607277]], [3, [1.0, 0.0]], [4, [0.954023003578186, 0.04597701132297516]], [5, [0.8571429252624512, 0.1428571492433548]], [6, [1.0, 0.0]], [7, [0.5, 0.5]], [8, [0.0, 1.0]]], "src": "6.6#11.9#24.0#34.0#VAR", "tgt": "6.6#11.9#44.0#54.0#Bombing_Explosion-Facility_Infrastructure_Attack", "src_var": "VAR", "tgt_var": "Bombing_Explosion-Facility_Infrastructure_Attack", "distance": 1363.7180236254878}, "_6.6#11.9#4.0#14.0#Bombing_Explosion-Facility_Infrastructure_Attack_6.6#11.9#44.0#54.0#Bombing_Explosion-Facility_Infrastructure_Attack_DEL_24.mod": {"aut": [[0, [0, 1]], [1, [2, 0]], [2, [3, 0]], [3, [4, 0]], [4, [5, 0]], [5, [0, 0]]], "delay": 24, "gamma": 0.06499846047175306, "pit": [[0, [0.9747253060340881, 0.025274725630879402]], [1, [0.9837837815284729, 0.01621621660888195]], [2, [0.9999999403953552, 0.0]], [3, [0.901098906993866, 0.09890110045671463]], [4, [1.0, 0.0]], [5, [0.9491525292396545, 0.050847455859184265]]], "src": "6.6#11.9#4.0#14.0#Bombing_Explosion-Facility_Infrastructure_Attack", "tgt": "6.6#11.9#44.0#54.0#Bombing_Explosion-Facility_Infrastructure_Attack", "src_var": "Bombing_Explosion-Facility_Infrastructure_Attack", "tgt_var": "Bombing_Explosion-Facility_Infrastructure_Attack", "distance": 2726.295739452291}, "_6.6#11.9#4.0#14.0#Bombing_Explosion-Facility_Infrastructure_Attack_6.6#11.9#44.0#54.0#Bombing_Explosion-Facility_Infrastructure_Attack_DEL_49.mod": {"aut": [[0, [0, 1]], [1, [2, 3]], [2, [0, 4]], [3, [2, 3]], [4, [2, 5]], [5, [2, 4]]], "delay": 49, "gamma": 0.049273132184516566, "pit": [[0, [0.9750849008560181, 0.02491506189107895]], [1, [0.9800000190734863, 0.019999999552965164]], [2, [0.9952830076217651, 0.004716981202363968]], [3, [0.9705882668495178, 0.029411764815449715]], [4, [0.9210526347160339, 0.07894736528396606]], [5, [0.875, 0.125]]], "src": "6.6#11.9#4.0#14.0#Bombing_Explosion-Facility_Infrastructure_Attack", "tgt": "6.6#11.9#44.0#54.0#Bombing_Explosion-Facility_Infrastructure_Attack", "src_var": "Bombing_Explosion-Facility_Infrastructure_Attack", "tgt_var": "Bombing_Explosion-Facility_Infrastructure_Attack", "distance": 2726.295739452291}, "_43.7#49.0#34.0#44.0#VAR_6.6#11.9#44.0#54.0#Bombing_Explosion-Facility_Infrastructure_Attack_DEL_51.mod": {"aut": [[0, [1, 0]], [1, [2, 3]], [2, [2, 4]], [3, [1, 0]], [4, [0, 0]]], "delay": 51, "gamma": 0.04116281339845573, "pit": [[0, [0.9475409984588623, 0.05245901644229889]], [1, [0.9913042783737183, 0.008695651777088642]], [2, [0.9806157350540161, 0.019384264945983887]], [3, [1.0, 0.0]], [4, [0.9516128897666931, 0.04838709533214569]]], "src": "43.7#49.0#34.0#44.0#VAR", "tgt": "6.6#11.9#44.0#54.0#Bombing_Explosion-Facility_Infrastructure_Attack", "src_var": "VAR", "tgt_var": "Bombing_Explosion-Facility_Infrastructure_Attack", "distance": 2630.541648805652}, "_6.6#11.9#74.0#84.0#VAR_6.6#11.9#44.0#54.0#Bombing_Explosion-Facility_Infrastructure_Attack_DEL_59.mod": {"aut": [[0, [0, 1]], [1, [2, 3]], [2, [0, 4]], [3, [2, -1]], [4, [2, -1]]], "delay": 59, "gamma": 0.04097409467562385, "pit": [[0, [0.9759807586669922, 0.024019215255975723]], [1, [0.9285714626312256, 0.0714285746216774]], [2, [1.0, 0.0]], [3, [0.5, 0.5]], [4, [0.8333333730697632, 0.1666666716337204]]], "src": "6.6#11.9#74.0#84.0#VAR", "tgt": "6.6#11.9#44.0#54.0#Bombing_Explosion-Facility_Infrastructure_Attack", "src_var": "VAR", "tgt_var": "Bombing_Explosion-Facility_Infrastructure_Attack", "distance": 2045.2282689242913}, "_6.6#11.9#74.0#84.0#Bombing_Explosion-Facility_Infrastructure_Attack_6.6#11.9#44.0#54.0#Bombing_Explosion-Facility_Infrastructure_Attack_DEL_39.mod": {"aut": [[0, [0, 1]], [1, [2, 3]], [2, [0, 2]], [3, [2, -1]]], "delay": 39, "gamma": 0.040739140821516306, "pit": [[0, [0.975812554359436, 0.024187453091144562]], [1, [0.9166666865348816, 0.0833333358168602]], [2, [1.0, 0.0]], [3, [0.0, 1.0]]], "src": "6.6#11.9#74.0#84.0#Bombing_Explosion-Facility_Infrastructure_Attack", "tgt": "6.6#11.9#44.0#54.0#Bombing_Explosion-Facility_Infrastructure_Attack", "src_var": "Bombing_Explosion-Facility_Infrastructure_Attack", "tgt_var": "Bombing_Explosion-Facility_Infrastructure_Attack", "distance": 2045.2282689242913}, "_6.6#11.9#4.0#14.0#VAR_6.6#11.9#44.0#54.0#Bombing_Explosion-Facility_Infrastructure_Attack_DEL_12.mod": {"aut": [[0, [2, 3]], [1, [4, 0]], [2, [5, 3]], [3, [6, 7]], [4, [6, 3]], [5, [8, 3]], [6, [1, 9]], [7, [6, 5]], [8, [9, 3]], [9, [3, 10]], [10, [11, 3]], [11, [3, 3]]], "delay": 12, "gamma": 0.04020853598551466, "pit": [[0, [1.0, 0.0]], [1, [0.941605806350708, 0.058394160121679306]], [2, [0.9459459781646729, 0.054054055362939835]], [3, [0.9805194735527039, 0.019480518996715546]], [4, [0.9736841917037964, 0.02631578966975212]], [5, [0.9622641801834106, 0.03773584961891174]], [6, [0.9848484992980957, 0.01515151560306549]], [7, [0.9803921580314636, 0.019607843831181526]], [8, [0.9523809552192688, 0.0476190485060215]], [9, [0.9735099077224731, 0.026490066200494766]], [10, [0.9638553857803345, 0.03614457696676254]], [11, [1.0, 0.0]]], "src": "6.6#11.9#4.0#14.0#VAR", "tgt": "6.6#11.9#44.0#54.0#Bombing_Explosion-Facility_Infrastructure_Attack", "src_var": "VAR", "tgt_var": "Bombing_Explosion-Facility_Infrastructure_Attack", "distance": 2726.295739452291}, "_6.6#11.9#4.0#14.0#Armed_Assault-Assassination-Hijacking-Hostage_Taking_Barricade_Incident-Hostage_Taking_Kidnapping_6.6#11.9#44.0#54.0#Bombing_Explosion-Facility_Infrastructure_Attack_DEL_17.mod": {"aut": [[0, [1, 2]], [1, [0, 2]], [2, [3, 2]], [3, [4, 5]], [4, [0, 1]], [5, [0, 5]]], "delay": 17, "gamma": 0.03923347252639231,