{"_6.6#11.9#4.0#14.0#Bombing_Explosion-Facility_Infrastructure_Attack_6.6#11.9#74.0#84.0#Bombing_Explosion-Facility_Infrastructure_Attack_DEL_49.mod": {"aut": [[0, [2, 3]], [1, [4, 1]], [2, [4, 1]], [3, [5, 6]], [4, [7, 8]], [5, [9, 0]], [6, [5, 10]], [7, [11, 5]], [8, [12, 5]], [9, [1, 13]], [10, [5, 14]], [11, [2, 5]], [12, [15, 5]], [13, [16, 17]], [14, [5, 18]], [15, [19, 5]], [16, [5, 17]], [17, [5, 0]], [18, [5, 5]], [19, [5, 5]]], "delay": 49, "gamma": 0.0763244974406021, "pit": [[0, [0.9811320900917053, 0.01886792480945587]], [1, [0.966386616230011, 0.03361344709992409]], [2, [0.9597700834274292, 0.04022988677024841]], [3, [0.9333333969116211, 0.06666667014360428]], [4, [0.9711933732032776, 0.02880658395588398]], [5, [0.9583333134651184, 0.0416666679084301]], [6, [0.8333333730697632, 0.1666666716337204]], [7, [0.9354838728904724, 0.06451612710952759]], [8, [1.0, 0.0]], [9, [0.9375, 0.0625]], [10, [0.800000011920929, 0.20000000298023224]], [11, [1.0, 0.0]], [12, [0.9729729890823364, 0.027027027681469917]], [13, [0.8888888955116272, 0.1111111119389534]], [14, [0.75, 0.25]], [15, [1.0, 0.0]], [16, [0.8947368264198303, 0.10526315867900848]], [17, [1.0, 0.0]], [18, [1.0, 0.0]], [19, [1.0, 0.0]]], "src": "6.6#11.9#4.0#14.0#Bombing_Explosion-Facility_Infrastructure_Attack", "tgt": "6.6#11.9#74.0#84.0#Bombing_Explosion-Facility_Infrastructure_Attack", "src_var": "Bombing_Explosion-Facility_Infrastructure_Attack", "tgt_var": "Bombing_Explosion-Facility_Infrastructure_Attack", "distance": 4764.675781741343}, "_6.6#11.9#4.0#14.0#Bombing_Explosion-Facility_Infrastructure_Attack_6.6#11.9#74.0#84.0#Bombing_Explosion-Facility_Infrastructure_Attack_DEL_20.mod": {"aut": [[0, [1, 2]], [1, [3, 4]], [2, [5, 6]], [3, [7, 8]], [4, [0, 9]], [5, [10, 0]], [6, [0, 11]], [7, [3, 8]], [8, [0, 12]], [9, [13, 0]], [10, [14, 0]], [11, [0, 14]], [12, [0, 8]], [13, [14, 0]], [14, [1, 14]]], "delay": 20, "gamma": 0.06103452483318972, "pit": [[0, [0.9720669984817505, 0.02793296054005623]], [1, [0.9866666793823242, 0.013333333656191826]], [2, [1.0, 0.0]], [3, [0.9797979593276978, 0.020202020183205605]], [4, [0.9375, 0.0625]], [5, [1.0, 0.0]], [6, [0.8500000238418579, 0.15000000596046448]], [7, [0.9464285969734192, 0.0535714291036129]], [8, [0.9338235259056091, 0.06617647409439087]], [9, [1.0, 0.0]], [10, [1.0, 0.0]], [11, [0.9000000357627869, 0.10000000149011612]], [12, [0.925000011920929, 0.07500000298023224]], [13, [1.0, 0.0]], [14, [0.9285714626312256, 0.0714285746216774]]], "src": "6.6#11.9#4.0#14.0#Bombing_Explosion-Facility_Infrastructure_Attack", "tgt": "6.6#11.9#74.0#84.0#Bombing_Explosion-Facility_Infrastructure_Attack", "src_var": "Bombing_Explosion-Facility_Infrastructure_Attack", "tgt_var": "Bombing_Explosion-Facility_Infrastructure_Attack", "distance": 4764.675781741343}, "_43.7#49.0#34.0#44.0#VAR_6.6#11.9#74.0#84.0#Bombing_Explosion-Facility_Infrastructure_Attack_DEL_47.mod": {"aut": [[0, [1, 2]], [1, [3, 4]], [2, [5, 6]], [3, [4, 7]], [4, [8, 9]], [5, [10, 3]], [6, [11, 12]], [7, [6, 13]], [8, [10, 10]], [9, [10, 10]], [10, [14, 7]], [11, [10, 15]], [12, [16, 0]], [13, [10, 10]], [14, [17, 10]], [15, [14, 10]], [16, [10, 4]], [17, [18, 10]], [18, [10, 19]], [19, [10, 10]]], "delay": 47, "gamma": 0.040740756243397125, "pit": [[0, [1.0, 0.0]], [1, [1.0, 0.0]], [2, [1.0, 0.0]], [3, [1.0, 0.0]], [4, [1.0, 0.0]], [5, [1.0, 0.0]], [6, [1.0, 0.0]], [7, [0.9473684430122375, 0.05263157933950424]], [8, [0.6666666865348816, 0.3333333432674408]], [9, [1.0, 0.0]], [10, [0.9700272083282471, 0.029972750693559647]], [11, [1.0, 0.0]], [12, [0.9047619104385376, 0.095238097012043]], [13, [0.9718309640884399, 0.028169013559818268]], [14, [0.9563636183738708, 0.04363636299967766]], [15, [1.0, 0.0]], [16, [0.800000011920929, 0.20000000298023224]], [17, [0.9500000476837158, 0.05000000447034836]], [18, [0.9678898453712463, 0.03211009129881859]], [19, [1.0, 0.0]]], "src": "43.7#49.0#34.0#44.0#VAR", "tgt": "6.6#11.9#74.0#84.0#Bombing_Explosion-Facility_Infrastructure_Attack", "src_var": "VAR", "tgt_var": "Bombing_Explosion-Facility_Infrastructure_Attack", "distance": 3478.341543747654}, "_6.6#11.9#4.0#14.0#Bombing_Explosion-Facility_Infrastructure_Attack_6.6#11.9#74.0#84.0#Bombing_Explosion-Facility_Infrastructure_Attack_DEL_8.mod": {"aut": [[0, [1, 2]], [1, [1, 3]], [2, [1, 4]], [3, [5, 4]], [4, [3, 6]], [5, [7, 8]], [6, [9, 10]], [7, [11, 12]], [8, [0, 12]], [9, [12, 13]], [10, [12, 14]], [11, [15, 12]], [12, [11, 12]], [13, [16, 12]], [14, [12, 17]], [15, [4, 18]], [16, [12, 12]], [17, [12, 12]], [18, [12, 12]]], "delay": 8, "gamma": 0.03904937371620543, "pit": [[0, [0.9302325248718262, 0.06976744532585144]], [1, [0.9751037359237671, 0.02489626593887806]], [2, [1.0, 0.0]], [3, [0.9873905777931213, 0.012609457597136497]], [4, [0.9600127339363098, 0.03998730704188347]], [5, [0.9691384434700012, 0.03086155094206333]], [6, [1.0, 0.0]], [7, [0.946134626865387, 0.05386533588171005]], [8, [0.9999999403953552, 0.0]], [9, [1.0, 0.0]], [10, [1.0, 0.0]], [11, [0.9581687450408936, 0.041831281036138535]], [12, [0.9603621959686279, 0.03963787853717804]], [13, [0.7954545617103577, 0.20454546809196472]], [14, [1.0, 0.0]], [15, [0.951042652130127, 0.04895738884806633]], [16, [0.6896551847457886, 0.3103448152542114]], [17, [1.0, 0.0]], [18, [0.9743954539299011, 0.025604551658034325]]], "src": "6.6#11.9#4.0#14.0#Bombing_Explosion-Facility_Infrastructure_Attack", "tgt": "6.6#11.9#74.0#84.0#Bombing_Explosion-Facility_Infrastructure_Attack", "src_var": "Bombing_Explosion-Facility_Infrastructure_Attack", "tgt_var": "Bombing_Explosion-Facility_Infrastructure_Attack", "distance": 4764.675781741343}, "_6.6#11.9#14.0#24.0#VAR_6.6#11.9#74.0#84.0#Bombing_Explosion-Facility_Infrastructure_Attack_DEL_50.mod": {"aut": [[0, [1, 0]], [1, [2, 0]], [2, [3, 0]], [3, [1, 0]]], "delay": 50, "gamma": 0.03615323417044369, "pit": [[0, [1.0, 0.0]], [1, [0.9533898234367371, 0.04661016911268234]], [2, [0.9820224642753601, 0.017977528274059296]], [3, [0.9449760317802429, 0.0550239197909832]]], "src": "6.6#11.9#14.0#24.0#VAR", "tgt": "6.6#11.9#74.0#84.0#Bombing_Explosion-Facility_Infrastructure_Attack", "src_var": "VAR", "tgt_var": "Bombing_Explosion-Facility_Infrastructure_Attack", "distance": 4086.290892465583}, "_33.1#38.4#44.0#54.0#Armed_Assault-Assassination-Hijacking-Hostage_Taking_Barricade_Incident-Hostage_Taking_Kidnapping_6.6#11.9#74.0#84.0#Bombing_Explosion-Facility_Infrastructure_Attack_DEL_57.mod": {"aut": [[0, [2, 3]], [1, [4, 5]], [2, [0, 6]], [3, [7, 8]], [4, [3, 2]], [5, [3, 9]], [6, [9, 5]], [7, [10, 2]], [8, [9, 5]], [9, [11, 1]], [10, [7, 11]], [11, [11, 10]]], "delay": 57, "gamma": 0.03197572959045114, "pit": [[0, [0.9655172228813171, 0.03448275849223137]], [1, [0.9272726774215698, 0.072727270424366]], [2, [0.9824561476707458, 0.017543859779834747]], [3, [1.0, 0.0]], [4, [0.9473684430122375, 0.05263157933950424]], [5, [0.9538461565971375, 0.04615384712815285]], [6, [0.9298245906829834, 0.07017543911933899]], [7, [0.9548022747039795, 0.0451977401971817]], [8, [0.9199999570846558, 0.07999999821186066]], [9, [0.9468084573745728, 0.05319148674607277]], [10, [0.9781818389892578, 0.02181818149983883]], [11, [0.961259126663208, 0.03874092176556587]]], "src": "33.1#38.4#44.0#54.0#Armed_Assault-Assassination-Hijacking-Hostage_Taking_Barricade_Incident-Hostage_Taking_Kidnapping", "tgt": "6.6#11.9#74.0#84.0#Bombing_Explosion-Facility_Infrastructure_Attack", "src_var": "Armed_Assault-Assassination-Hijacking-Hostage_Taking_Barricade_Incident-Hostage_Taking_Kidnapping", "tgt_var": "Bombing_Explosion-Facility_Infrastructure_Attack", "distance": 2628.0746511764346}, "_6.6#11.9#14.0#24.0#VAR_6.6#11.9#74.0#84.0#Bombing_Explosion-Facility_Infrastructure_Attack_DEL_40.mod": {"aut": [[0, [1, 0]], [1, [2, 0]], [2, [3, 0]], [3, [4, 0]], [4, [2, 0]]], "delay": 40, "gamma": 0.030083375972947746,