{"_11.9#17.2#44.0#54.0#Bombing_Explosion-Facility_Infrastructure_Attack_11.9#17.2#-6.0#4.0#Bombing_Explosion-Facility_Infrastructure_Attack_DEL_60.mod": {"aut": [[0, [1, 2]], [1, [3, 4]], [2, [5, 6]], [3, [7, 8]], [4, [5, 9]], [5, [10, 2]], [6, [5, 11]], [7, [12, 13]], [8, [9, 14]], [9, [0, 15]], [10, [16, 17]], [11, [6, 5]], [12, [18, 0]], [13, [19, 0]], [14, [0, 8]], [15, [0, 0]], [16, [0, 7]], [17, [4, 0]], [18, [20, 21]], [19, [0, 8]], [20, [22, 1]], [21, [13, 0]], [22, [20, 0]]], "delay": 60, "gamma": 0.08319311469278057, "pit": [[0, [0.9325153231620789, 0.06748466193675995]], [1, [0.9814814925193787, 0.018518518656492233]], [2, [0.931034505367279, 0.06896551698446274]], [3, [1.0, 0.0]], [4, [0.96875, 0.03125]], [5, [0.9604519605636597, 0.03954802453517914]], [6, [0.9701492190361023, 0.02985074557363987]], [7, [1.0, 0.0]], [8, [1.0, 0.0]], [9, [0.9599999785423279, 0.03999999910593033]], [10, [0.9801980257034302, 0.019801979884505272]], [11, [0.875, 0.125]], [12, [1.0, 0.0]], [13, [0.9166666865348816, 0.0833333358168602]], [14, [0.875, 0.125]], [15, [0.9473684430122375, 0.05263157933950424]], [16, [0.9661017060279846, 0.033898305147886276]], [17, [0.9523809552192688, 0.0476190485060215]], [18, [1.0, 0.0]], [19, [0.9285714626312256, 0.0714285746216774]], [20, [0.9807692766189575, 0.01923076994717121]], [21, [0.875, 0.125]], [22, [0.9459459781646729, 0.054054055362939835]]], "src": "11.9#17.2#44.0#54.0#Bombing_Explosion-Facility_Infrastructure_Attack", "tgt": "11.9#17.2#-6.0#4.0#Bombing_Explosion-Facility_Infrastructure_Attack", "src_var": "Bombing_Explosion-Facility_Infrastructure_Attack", "tgt_var": "Bombing_Explosion-Facility_Infrastructure_Attack", "distance": 3336.669629331031}, "_6.6#11.9#4.0#14.0#Bombing_Explosion-Facility_Infrastructure_Attack_11.9#17.2#-6.0#4.0#Bombing_Explosion-Facility_Infrastructure_Attack_DEL_45.mod": {"aut": [[0, [1, 2]], [1, [3, 4]], [2, [5, 0]], [3, [6, 7]], [4, [8, 9]], [5, [10, 0]], [6, [11, 12]], [7, [4, 0]], [8, [13, 2]], [9, [0, 11]], [10, [14, 0]], [11, [15, 0]], [12, [0, 16]], [13, [17, 0]], [14, [18, 0]], [15, [0, 12]], [16, [9, 0]], [17, [3, 0]], [18, [0, 9]]], "delay": 45, "gamma": 0.04918159721870574, "pit": [[0, [0.9756097197532654, 0.024390242993831635]], [1, [0.9576719403266907, 0.042328041046857834]], [2, [0.96875, 0.03125]], [3, [0.946107804775238, 0.053892217576503754]], [4, [1.0, 0.0]], [5, [0.8888888955116272, 0.1111111119389534]], [6, [0.9710144996643066, 0.028985507786273956]], [7, [1.0, 0.0]], [8, [0.9523809552192688, 0.0476190485060215]], [9, [0.9354838132858276, 0.06451612710952759]], [10, [1.0, 0.0]], [11, [0.9615384340286255, 0.03846153989434242]], [12, [0.9756097197532654, 0.024390242993831635]], [13, [0.9142857193946838, 0.08571428805589676]], [14, [0.8947368264198303, 0.10526315867900848]], [15, [0.9722222089767456, 0.02777777798473835]], [16, [1.0, 0.0]], [17, [0.931034505367279, 0.06896551698446274]], [18, [0.9230769872665405, 0.07692307978868484]]], "src": "6.6#11.9#4.0#14.0#Bombing_Explosion-Facility_Infrastructure_Attack", "tgt": "11.9#17.2#-6.0#4.0#Bombing_Explosion-Facility_Infrastructure_Attack", "src_var": "Bombing_Explosion-Facility_Infrastructure_Attack", "tgt_var": "Bombing_Explosion-Facility_Infrastructure_Attack", "distance": 768.6163477710658}, "_27.8#33.1#4.0#14.0#Bombing_Explosion-Facility_Infrastructure_Attack_11.9#17.2#-6.0#4.0#Bombing_Explosion-Facility_Infrastructure_Attack_DEL_25.mod": {"aut": [[0, [0, 1]], [1, [2, 2]], [2, [3, 2]], [3, [0, 2]]], "delay": 25, "gamma": 0.03699855567477872, "pit": [[0, [0.9557446837425232, 0.044255319982767105]], [1, [0.9705882668495178, 0.029411764815449715]], [2, [0.9999999403953552, 0.0]], [3, [1.0, 0.0]]], "src": "27.8#33.1#4.0#14.0#Bombing_Explosion-Facility_Infrastructure_Attack", "tgt": "11.9#17.2#-6.0#4.0#Bombing_Explosion-Facility_Infrastructure_Attack", "src_var": "Bombing_Explosion-Facility_Infrastructure_Attack", "tgt_var": "Bombing_Explosion-Facility_Infrastructure_Attack", "distance": 1268.952418928898}, "_27.8#33.1#74.0#84.0#Bombing_Explosion-Facility_Infrastructure_Attack_11.9#17.2#-6.0#4.0#Bombing_Explosion-Facility_Infrastructure_Attack_DEL_40.mod": {"aut": [[0, [1, 0]], [1, [2, 0]], [2, [3, 0]], [3, [1, 0]]], "delay": 40, "gamma": 0.032166994729422416, "pit": [[0, [1.0, 0.0]], [1, [0.9745762944221497, 0.025423727929592133]], [2, [0.9665924310684204, 0.03340757265686989]], [3, [0.936768114566803, 0.06323184818029404]]], "src": "27.8#33.1#74.0#84.0#Bombing_Explosion-Facility_Infrastructure_Attack", "tgt": "11.9#17.2#-6.0#4.0#Bombing_Explosion-Facility_Infrastructure_Attack", "src_var": "Bombing_Explosion-Facility_Infrastructure_Attack", "tgt_var": "Bombing_Explosion-Facility_Infrastructure_Attack", "distance": 5127.0064249612415}, "_27.8#33.1#64.0#74.0#Bombing_Explosion-Facility_Infrastructure_Attack_11.9#17.2#-6.0#4.0#Bombing_Explosion-Facility_Infrastructure_Attack_DEL_42.mod": {"aut": [[0, [1, 2]], [1, [0, 3]], [2, [1, 0]], [3, [1, 4]], [4, [5, 2]], [5, [0, 0]]], "delay": 42, "gamma": 0.026087532425910553, "pit": [[0, [0.9752252697944641, 0.02477477490901947]], [1, [0.981735110282898, 0.01826483942568302]], [2, [0.9592760801315308, 0.04072398319840431]], [3, [0.9277108311653137, 0.07228915393352509]], [4, [0.9354838132858276, 0.06451612710952759]], [5, [0.9599999785423279, 0.03999999910593033]]], "src": "27.8#33.1#64.0#74.0#Bombing_Explosion-Facility_Infrastructure_Attack", "tgt": "11.9#17.2#-6.0#4.0#Bombing_Explosion-Facility_Infrastructure_Attack", "src_var": "Bombing_Explosion-Facility_Infrastructure_Attack", "tgt_var": "Bombing_Explosion-Facility_Infrastructure_Attack", "distance": 4534.255371211488}, "_38.4#43.7#44.0#54.0#Bombing_Explosion-Facility_Infrastructure_Attack_11.9#17.2#-6.0#4.0#Bombing_Explosion-Facility_Infrastructure_Attack_DEL_9.mod": {"aut": [[0, [1, 2]], [1, [0, 3]], [2, [4, 0]], [3, [5, 0]], [4, [6, 0]], [5, [7, 0]], [6, [8, 0]], [7, [9, 0]], [8, [10, 0]], [9, [11, 0]], [10, [12, 0]], [11, [13, 0]], [12, [14, 0]], [13, [15, 0]], [14, [7, 0]], [15, [1, 0]]], "delay": 9, "gamma": 0.02582677909029807, "pit": [[0, [0.9660297632217407, 0.03397027775645256]], [1, [0.9539473652839661, 0.04605263099074364]], [2, [0.9795918464660645, 0.020408162847161293]], [3, [0.9736841917037964, 0.02631578966975212]], [4, [0.9268292188644409, 0.0731707289814949]], [5, [0.9333333969116211, 0.06666667014360428]], [6, [0.9736841917037964, 0.02631578966975212]], [7, [0.9799999594688416, 0.019999999552965164]], [8, [1.0, 0.0]], [9, [0.9999999403953552, 0.0]], [10, [0.90625, 0.09375]], [11, [0.9767441749572754, 0.023255813866853714]], [12, [0.9642857313156128, 0.0357142873108387]], [13, [0.9729729890823364, 0.027027027681469917]], [14, [0.9599999785423279, 0.03999999910593033]], [15, [0.9714285731315613, 0.02857142873108387]]], "src": "38.4#43.7#44.0#54.0#Bombing_Explosion-Facility_Infrastructure_Attack", "tgt": "11.9#17.2#-6.0#4.0#Bombing_Explosion-Facility_Infrastructure_Attack", "src_var": "Bombing_Explosion-Facility_Infrastructure_Attack", "tgt_var": "Bombing_Explosion-Facility_Infrastructure_Attack", "distance": 3498.9110174219472}, "_6.6#11.9#74.0#84.0#Bombing_Explosion-Facility_Infrastructure_Attack_11.9#17.2#-6.0#4.0#Bombing_Explosion-Facility_Infrastructure_Attack_DEL_35.mod": {"aut": [[0, [0, 1]], [1, [2, 2]], [2, [3, 4]], [3, [0, 2]], [4, [2, -1]]], "delay": 35, "gamma": 0.02544809868372755, "pit": [[0, [0.9647887349128723, 0.035211268812417984]], [1, [0.9361701607704163, 0.06382978707551956]], [2, [1.0, 0.0]], [3, [0.8958333730697632, 0.1041666716337204]], [4, [0.6666666865348816, 0.3333333432674408]]], "src": "6.6#11.9#74.0#84.0#Bombing_Explosion-Facility_Infrastructure_Attack", "tgt": "11.9#17.2#-6.0#4.0#Bombing_Explosion-Facility_Infrastructure_Attack", "src_var": "Bombing_Explosion-Facility_Infrastructure_Attack", "tgt_var": "Bombing_Explosion-Facility_Infrastructure_Attack", "distance": 5395.905749018362},