{"_6.6#11.9#14.0#24.0#VAR_22.5#27.8#54.0#64.0#Bombing_Explosion-Facility_Infrastructure_Attack_DEL_15.mod": {"aut": [[0, [1, 0]], [1, [2, 3]], [2, [4, 5]], [3, [6, 0]], [4, [7, 8]], [5, [9, 0]], [6, [10, 0]], [7, [7, 11]], [8, [12, 0]], [9, [13, 0]], [10, [11, 0]], [11, [14, 0]], [12, [14, 0]], [13, [8, 0]], [14, [15, 0]], [15, [16, 17]], [16, [0, 0]], [17, [12, 0]]], "delay": 15, "gamma": 0.04624504176255806, "pit": [[0, [0.8813559412956238, 0.11864406615495682]], [1, [0.7777777910232544, 0.2222222238779068]], [2, [0.8723403811454773, 0.12765957415103912]], [3, [0.8571429252624512, 0.1428571492433548]], [4, [0.9545454978942871, 0.04545454680919647]], [5, [0.6666666865348816, 0.3333333432674408]], [6, [1.0, 0.0]], [7, [0.9422492980957031, 0.05775076150894165]], [8, [0.9166666865348816, 0.0833333358168602]], [9, [0.6666666865348816, 0.3333333432674408]], [10, [1.0, 0.0]], [11, [0.9230769276618958, 0.07692307978868484]], [12, [0.9000000357627869, 0.10000000149011612]], [13, [0.3333333432674408, 0.6666666865348816]], [14, [0.8727272748947144, 0.12727272510528564]], [15, [0.8627451062202454, 0.13725490868091583]], [16, [0.8604651093482971, 0.13953489065170288]], [17, [0.875, 0.125]]], "src": "6.6#11.9#14.0#24.0#VAR", "tgt": "22.5#27.8#54.0#64.0#Bombing_Explosion-Facility_Infrastructure_Attack", "src_var": "VAR", "tgt_var": "Bombing_Explosion-Facility_Infrastructure_Attack", "distance": 2844.820775832201}, "_27.8#33.1#34.0#44.0#VAR_22.5#27.8#54.0#64.0#Bombing_Explosion-Facility_Infrastructure_Attack_DEL_46.mod": {"aut": [[0, [1, 2]], [1, [3, 3]], [2, [0, 4]], [3, [5, 6]], [4, [0, 4]], [5, [6, 7]], [6, [8, 9]], [7, [10, 11]], [8, [12, 1]], [9, [10, 13]], [10, [8, 4]], [11, [14, 15]], [12, [16, 17]], [13, [3, 18]], [14, [10, 14]], [15, [14, 19]], [16, [16, 14]], [17, [20, 12]], [18, [21, 14]], [19, [14, 14]], [20, [14, 14]], [21, [22, 15]], [22, [23, 14]], [23, [14, 14]]], "delay": 46, "gamma": 0.040001277577450645, "pit": [[0, [0.9142857193946838, 0.08571428805589676]], [1, [0.948051929473877, 0.051948051899671555]], [2, [0.9428571462631226, 0.05714285746216774]], [3, [0.9080459475517273, 0.09195402264595032]], [4, [0.9285714626312256, 0.0714285746216774]], [5, [0.8780487775802612, 0.12195121496915817]], [6, [0.9242424368858337, 0.07575757801532745]], [7, [0.9047619104385376, 0.095238097012043]], [8, [0.9145299792289734, 0.08547008782625198]], [9, [0.8484848737716675, 0.1515151560306549]], [10, [0.9495798945426941, 0.05042017251253128]], [11, [1.0, 0.0]], [12, [0.8738738894462585, 0.12612612545490265]], [13, [0.9473684430122375, 0.05263157933950424]], [14, [0.920245349407196, 0.07975459843873978]], [15, [0.7777777910232544, 0.2222222238779068]], [16, [0.9541667103767395, 0.04583333432674408]], [17, [0.8627451062202454, 0.13725490868091583]], [18, [0.6666666865348816, 0.3333333432674408]], [19, [1.0, 0.0]], [20, [0.8666667342185974, 0.13333334028720856]], [21, [1.0, 0.0]], [22, [0.0, 1.0]], [23, [1.0, 0.0]]], "src": "27.8#33.1#34.0#44.0#VAR", "tgt": "22.5#27.8#54.0#64.0#Bombing_Explosion-Facility_Infrastructure_Attack", "src_var": "VAR", "tgt_var": "Bombing_Explosion-Facility_Infrastructure_Attack", "distance": 1273.9741534138345}, "_43.7#49.0#34.0#44.0#VAR_22.5#27.8#54.0#64.0#Bombing_Explosion-Facility_Infrastructure_Attack_DEL_58.mod": {"aut": [[0, [1, 2]], [1, [3, 4]], [2, [5, 6]], [3, [3, 4]], [4, [6, 0]], [5, [6, 4]], [6, [7, 8]], [7, [8, 9]], [8, [0, 6]], [9, [4, 0]]], "delay": 58, "gamma": 0.03831105667416568, "pit": [[0, [0.931034505367279, 0.06896551698446274]], [1, [0.9130434989929199, 0.08695652335882187]], [2, [0.7560975551605225, 0.24390242993831635]], [3, [0.9519480466842651, 0.048051945865154266]], [4, [0.8360655307769775, 0.16393440961837769]], [5, [0.8181818723678589, 0.1818181872367859]], [6, [0.8963414430618286, 0.1036585345864296]], [7, [0.9000000357627869, 0.10000000894069672]], [8, [0.8531468510627747, 0.14685314893722534]], [9, [0.9047619104385376, 0.095238097012043]]], "src": "43.7#49.0#34.0#44.0#VAR", "tgt": "22.5#27.8#54.0#64.0#Bombing_Explosion-Facility_Infrastructure_Attack", "src_var": "VAR", "tgt_var": "Bombing_Explosion-Facility_Infrastructure_Attack", "distance": 1833.5599011995416}, "_43.7#49.0#34.0#44.0#VAR_22.5#27.8#54.0#64.0#Bombing_Explosion-Facility_Infrastructure_Attack_DEL_35.mod": {"aut": [[0, [1, 0]], [1, [2, 0]], [2, [2, 0]]], "delay": 35, "gamma": 0.035619302122070984, "pit": [[0, [0.8666666746139526, 0.13333334028720856]], [1, [0.8640000224113464, 0.13600000739097595]], [2, [0.9484649300575256, 0.05153508856892586]]], "src": "43.7#49.0#34.0#44.0#VAR", "tgt": "22.5#27.8#54.0#64.0#Bombing_Explosion-Facility_Infrastructure_Attack", "src_var": "VAR", "tgt_var": "Bombing_Explosion-Facility_Infrastructure_Attack", "distance": 1833.5599011995416}, "_43.7#49.0#34.0#44.0#VAR_22.5#27.8#54.0#64.0#Bombing_Explosion-Facility_Infrastructure_Attack_DEL_23.mod": {"aut": [[0, [1, 2]], [1, [1, 2]], [2, [0, 2]]], "delay": 23, "gamma": 0.03466988265461701, "pit": [[0, [0.9126984477043152, 0.0873015895485878]], [1, [0.9468546509742737, 0.05314533784985542]], [2, [0.8567774891853333, 0.14322251081466675]]], "src": "43.7#49.0#34.0#44.0#VAR", "tgt": "22.5#27.8#54.0#64.0#Bombing_Explosion-Facility_Infrastructure_Attack", "src_var": "VAR", "tgt_var": "Bombing_Explosion-Facility_Infrastructure_Attack", "distance": 1833.5599011995416}, "_43.7#49.0#34.0#44.0#VAR_22.5#27.8#54.0#64.0#Bombing_Explosion-Facility_Infrastructure_Attack_DEL_20.mod": {"aut": [[0, [1, 2]], [1, [1, 2]], [2, [0, 2]]], "delay": 20, "gamma": 0.031192044394793728, "pit": [[0, [0.9212598204612732, 0.07874015718698502]], [1, [0.9446854591369629, 0.05531453341245651]], [2, [0.8600509166717529, 0.13994911313056946]]], "src": "43.7#49.0#34.0#44.0#VAR", "tgt": "22.5#27.8#54.0#64.0#Bombing_Explosion-Facility_Infrastructure_Attack", "src_var": "VAR", "tgt_var": "Bombing_Explosion-Facility_Infrastructure_Attack", "distance": 1833.5599011995416}, "_33.1#38.4#74.0#84.0#VAR_22.5#27.8#54.0#64.0#Bombing_Explosion-Facility_Infrastructure_Attack_DEL_16.mod": {"aut": [[0, [1, 2]], [1, [3, 4]], [2, [5, 6]], [3, [3, 7]], [4, [8, 9]], [5, [0, 10]], [6, [11, 1]], [7, [12, 6]], [8, [1, 10]], [9, [13, 0]], [10, [14, 0]], [11, [7, 15]], [12, [3, 15]], [13, [16, 16]], [14, [17, 0]], [15, [7, 0]], [16, [18, 0]], [17, [0, 0]], [18, [7, 19]], [19, [16, 0]]], "delay": 16, "gamma": 0.03055684461550856, "pit": [[0, [0.9248120784759521, 0.07518797367811203]], [1, [0.9056603312492371, 0.09433961659669876]], [2, [0.523809552192688, 0.4761904776096344]], [3, [0.9293867945671082, 0.07061315327882767]], [4, [0.6774193644523621, 0.32258063554763794]], [5, [1.0, 0.0]], [6, [0.8607888221740723, 0.13921113312244415]], [7, [0.8873366713523865, 0.11266336590051651]], [8, [0.8809524178504944, 0.1190476194024086]], [9, [1.0, 0.0]], [10, [1.0, 0.0]], [11, [0.9656357765197754, 0.034364260733127594]], [12, [0.9552822709083557, 0.04471771791577339]], [13, [0.09090909361839294, 0.9090909361839294]], [14, [1.0, 0.0]], [15, [0.8755187392234802, 0.12448133528232574]], [16, [1.0, 0.0]], [17, [1.0, 0.0]], [18, [1.0, 0.0]], [19, [1.0, 0.0]]], "src": "33.1#38.4#74.0#84.0#VAR", "tgt": "22.5#27.8#54.0#64.0#Bombing_Explosion-Facility_Infrastructure_Attack", "src_var": "VAR", "tgt_var": "Bombing_Explosion-Facility_Infrastructure_Attack", "distance": 1394.0995686416109}, "_43.7#49.0#34.0#44.0#VAR_22.5#27.8#54.0#64.0#Bombing_Explosion-Facility_Infrastructure_Attack_DEL_33.mod": {"aut": [[0, [2, 3]], [1, [4, 5]], [2, [2, 6]], [3, [7, 8]], [4, [0, 2]], [5, [9, 10]], [6, [11, 7]], [7, [12, 8]], [8, [1, 0]], [9, [7, 11]], [10, [5, 0]], [11, [4, 0]], [12, [7, 0]]], "delay": 33, "gamma": 0.03051786439241866,