{"_33.1#38.4#64.0#74.0#Bombing_Explosion-Facility_Infrastructure_Attack_27.8#33.1#74.0#84.0#Bombing_Explosion-Facility_Infrastructure_Attack_DEL_37.mod": {"aut": [[0, [2, 3]], [1, [4, 5]], [2, [6, 7]], [3, [7, 8]], [4, [9, 0]], [5, [3, 10]], [6, [0, 7]], [7, [7, 10]], [8, [11, 12]], [9, [6, 7]], [10, [13, 1]], [11, [0, 7]], [12, [7, 8]], [13, [14, 15]], [14, [16, 7]], [15, [7, 12]], [16, [0, 7]]], "delay": 37, "gamma": 0.053137169005725404, "pit": [[0, [0.9032257795333862, 0.09677419066429138]], [1, [0.9364161491394043, 0.06358381360769272]], [2, [0.5, 0.5]], [3, [0.9583333730697632, 0.0416666679084301]], [4, [0.9599999785423279, 0.03999999910593033]], [5, [0.9523809552192688, 0.0476190447807312]], [6, [1.0, 0.0]], [7, [0.929411768913269, 0.07058823853731155]], [8, [0.9442723989486694, 0.055727552622556686]], [9, [1.0, 0.0]], [10, [0.9744897484779358, 0.02551020309329033]], [11, [1.0, 0.0]], [12, [0.977707028388977, 0.02229299396276474]], [13, [0.8260869979858398, 0.17391304671764374]], [14, [0.5, 0.5]], [15, [0.8095238208770752, 0.190476194024086]], [16, [1.0, 0.0]]], "src": "33.1#38.4#64.0#74.0#Bombing_Explosion-Facility_Infrastructure_Attack", "tgt": "27.8#33.1#74.0#84.0#Bombing_Explosion-Facility_Infrastructure_Attack", "src_var": "Bombing_Explosion-Facility_Infrastructure_Attack", "tgt_var": "Bombing_Explosion-Facility_Infrastructure_Attack", "distance": 684.3392108148204}, "_33.1#38.4#34.0#44.0#Bombing_Explosion-Facility_Infrastructure_Attack_27.8#33.1#74.0#84.0#Bombing_Explosion-Facility_Infrastructure_Attack_DEL_19.mod": {"aut": [[0, [1, 2]], [1, [0, 3]], [2, [0, 4]], [3, [5, 6]], [4, [7, 7]], [5, [8, 9]], [6, [10, 11]], [7, [3, 0]], [8, [0, 2]], [9, [0, 13]], [10, [0, 14]], [11, [15, 0]], [12, [3, 0]], [13, [0, 16]], [14, [5, 12]], [15, [0, 17]], [16, [0, 11]], [17, [12, 0]]], "delay": 19, "gamma": 0.03474729566469781, "pit": [[0, [0.9635258316993713, 0.036474164575338364]], [1, [0.9268292188644409, 0.0731707289814949]], [2, [0.9482071995735168, 0.05179283022880554]], [3, [0.9696969985961914, 0.03030303120613098]], [4, [0.9289100170135498, 0.07109005004167557]], [5, [1.0, 0.0]], [6, [0.9305555820465088, 0.0694444477558136]], [7, [0.9573460221290588, 0.04265403002500534]], [8, [1.0, 0.0]], [9, [1.0, 0.0]], [10, [0.9090909361839294, 0.09090909361839294]], [11, [0.9104477167129517, 0.08955223858356476]], [12, [1.0, 0.0]], [13, [1.0, 0.0]], [14, [1.0, 0.0]], [15, [0.9090909361839294, 0.09090909361839294]], [16, [1.0, 0.0]], [17, [0.8571429252624512, 0.1428571492433548]]], "src": "33.1#38.4#34.0#44.0#Bombing_Explosion-Facility_Infrastructure_Attack", "tgt": "27.8#33.1#74.0#84.0#Bombing_Explosion-Facility_Infrastructure_Attack", "src_var": "Bombing_Explosion-Facility_Infrastructure_Attack", "tgt_var": "Bombing_Explosion-Facility_Infrastructure_Attack", "distance": 2327.8268536329906}, "_33.1#38.4#44.0#54.0#Bombing_Explosion-Facility_Infrastructure_Attack_27.8#33.1#74.0#84.0#Bombing_Explosion-Facility_Infrastructure_Attack_DEL_34.mod": {"aut": [[0, [1, 2]], [1, [3, 4]], [2, [5, 6]], [3, [7, 0]], [4, [6, 8]], [5, [0, 0]], [6, [9, 0]], [7, [0, 0]], [8, [0, 10]], [9, [0, 1]], [10, [0, 11]], [11, [0, 12]], [12, [0, 13]], [13, [0, 14]], [14, [0, 15]], [15, [0, 9]]], "delay": 34, "gamma": 0.03296741699773442, "pit": [[0, [0.9457142949104309, 0.05428571254014969]], [1, [0.96875, 0.03125]], [2, [0.9225589036941528, 0.07744107395410538]], [3, [0.9375, 0.0625]], [4, [0.984375, 0.015625]], [5, [0.9729729890823364, 0.027027027681469917]], [6, [0.9523809552192688, 0.0476190485060215]], [7, [0.9230769872665405, 0.07692307978868484]], [8, [0.9803922176361084, 0.019607843831181526]], [9, [0.9615384936332703, 0.03846153989434242]], [10, [0.9534883499145508, 0.04651162773370743]], [11, [1.0, 0.0]], [12, [1.0, 0.0]], [13, [0.9545454978942871, 0.04545454680919647]], [14, [1.0, 0.0]], [15, [0.949999988079071, 0.05000000074505806]]], "src": "33.1#38.4#44.0#54.0#Bombing_Explosion-Facility_Infrastructure_Attack", "tgt": "27.8#33.1#74.0#84.0#Bombing_Explosion-Facility_Infrastructure_Attack", "src_var": "Bombing_Explosion-Facility_Infrastructure_Attack", "tgt_var": "Bombing_Explosion-Facility_Infrastructure_Attack", "distance": 1767.335550349932}, "_43.7#49.0#34.0#44.0#Bombing_Explosion-Facility_Infrastructure_Attack_27.8#33.1#74.0#84.0#Bombing_Explosion-Facility_Infrastructure_Attack_DEL_32.mod": {"aut": [[0, [1, 2]], [1, [3, 4]], [2, [5, 6]], [3, [4, 5]], [4, [5, 0]], [5, [5, 7]], [6, [5, 8]], [7, [5, 0]], [8, [5, 6]]], "delay": 32, "gamma": 0.027299690685321787, "pit": [[0, [0.968254029750824, 0.0317460335791111]], [1, [1.0, 0.0]], [2, [0.9142857193946838, 0.08571428805589676]], [3, [1.0, 0.0]], [4, [0.8421052694320679, 0.15789473056793213]], [5, [0.9547553062438965, 0.04524469003081322]], [6, [0.8571428656578064, 0.1428571492433548]], [7, [0.9565216898918152, 0.043478257954120636]], [8, [0.931034505367279, 0.06896551698446274]]], "src": "43.7#49.0#34.0#44.0#Bombing_Explosion-Facility_Infrastructure_Attack", "tgt": "27.8#33.1#74.0#84.0#Bombing_Explosion-Facility_Infrastructure_Attack", "src_var": "Bombing_Explosion-Facility_Infrastructure_Attack", "tgt_var": "Bombing_Explosion-Facility_Infrastructure_Attack", "distance": 2394.8774795117824}, "_22.5#27.8#64.0#74.0#Bombing_Explosion-Facility_Infrastructure_Attack_27.8#33.1#74.0#84.0#Bombing_Explosion-Facility_Infrastructure_Attack_DEL_55.mod": {"aut": [[0, [1, 2]], [1, [1, 3]], [2, [4, 1]], [3, [4, 1]], [4, [5, 3]], [5, [0, 2]]], "delay": 55, "gamma": 0.026995980241036555, "pit": [[0, [0.9375, 0.0625]], [1, [0.939007043838501, 0.060992904007434845]], [2, [1.0, 0.0]], [3, [0.9780701994895935, 0.021929824724793434]], [4, [0.9682539105415344, 0.0317460298538208]], [5, [0.9312977194786072, 0.06870228797197342]]], "src": "22.5#27.8#64.0#74.0#Bombing_Explosion-Facility_Infrastructure_Attack", "tgt": "27.8#33.1#74.0#84.0#Bombing_Explosion-Facility_Infrastructure_Attack", "src_var": "Bombing_Explosion-Facility_Infrastructure_Attack", "tgt_var": "Bombing_Explosion-Facility_Infrastructure_Attack", "distance": 712.0063488720483}, "_43.7#49.0#24.0#34.0#Bombing_Explosion-Facility_Infrastructure_Attack_27.8#33.1#74.0#84.0#Bombing_Explosion-Facility_Infrastructure_Attack_DEL_27.mod": {"aut": [[0, [0, 1]], [1, [2, 3]], [2, [4, 4]], [3, [4, 5]], [4, [0, 6]], [5, [4, -1]], [6, [4, 4]]], "delay": 27, "gamma": 0.025664677988498252, "pit": [[0, [0.9533044099807739, 0.046695586293935776]], [1, [0.9489361643791199, 0.05106382817029953]], [2, [0.8867924809455872, 0.11320754885673523]], [3, [0.7599999904632568, 0.23999999463558197]], [4, [1.0, 0.0]], [5, [1.0, 0.0]], [6, [0.6000000238418579, 0.40000003576278687]]], "src": "43.7#49.0#24.0#34.0#Bombing_Explosion-Facility_Infrastructure_Attack", "tgt": "27.8#33.1#74.0#84.0#Bombing_Explosion-Facility_Infrastructure_Attack", "src_var": "Bombing_Explosion-Facility_Infrastructure_Attack", "tgt_var": "Bombing_Explosion-Facility_Infrastructure_Attack", "distance": 2866.015959912195}, "_38.4#43.7#24.0#34.0#Bombing_Explosion-Facility_Infrastructure_Attack_27.8#33.1#74.0#84.0#Bombing_Explosion-Facility_Infrastructure_Attack_DEL_21.mod": {"aut": [[0, [0, 1]], [1, [2, 3]], [2, [0, 4]], [3, [2, -1]], [4, [-1, 2]]], "delay": 21, "gamma": 0.02419628908713467, "pit": [[0, [0.9510748982429504, 0.04892513155937195]], [1, [0.9534883499145508, 0.04651162773370743]], [2, [0.9772727489471436, 0.022727273404598236]], [3, [0.5, 0.5]], [4, [0.0, 1.0]]], "src": "38.4#43.7#24.0#34.0#Bombing_Explosion-Facility_Infrastructure_Attack", "tgt": "27.8#33.1#74.0#84.0#Bombing_Explosion-Facility_Infrastructure_Attack", "src_var": "Bombing_Explosion-Facility_Infrastructure_Attack", "tgt_var": "Bombing_Explosion-Facility_Infrastructure_Attack", "distance": 2856.913777312927},