{"_38.4#43.7#44.0#54.0#VAR_33.1#38.4#4.0#14.0#Bombing_Explosion-Facility_Infrastructure_Attack_DEL_57.mod": {"aut": [[0, [0, 1]], [1, [2, 3]], [2, [4, 3]], [3, [0, 3]], [4, [5, 6]], [5, [7, 3]], [6, [8, 3]], [7, [9, 3]], [8, [10, 3]], [9, [11, 12]], [10, [3, 0]], [11, [13, 3]], [12, [14, 3]], [13, [15, 16]], [14, [17, 3]], [15, [18, 3]], [16, [3, 3]], [17, [3, 3]], [18, [0, 19]], [19, [20, 3]], [20, [3, 0]]], "delay": 57, "gamma": 0.06921187623813929, "pit": [[0, [0.9672130942344666, 0.032786883413791656]], [1, [0.9528301954269409, 0.04716981202363968]], [2, [0.9750000238418579, 0.02500000037252903]], [3, [0.9916667342185974, 0.008333333767950535]], [4, [0.9538461565971375, 0.04615384712815285]], [5, [0.9615384936332703, 0.03846153989434242]], [6, [0.9230769872665405, 0.07692307978868484]], [7, [0.9347826242446899, 0.06521739065647125]], [8, [1.0, 0.0]], [9, [0.9750000238418579, 0.02500000037252903]], [10, [1.0, 0.0]], [11, [1.0, 0.0]], [12, [1.0, 0.0]], [13, [0.9333333969116211, 0.06666667014360428]], [14, [0.75, 0.25]], [15, [1.0, 0.0]], [16, [1.0, 0.0]], [17, [0.6666666865348816, 0.3333333432674408]], [18, [0.9166666865348816, 0.0833333358168602]], [19, [0.5, 0.5]], [20, [0.6666666865348816, 0.3333333432674408]]], "src": "38.4#43.7#44.0#54.0#VAR", "tgt": "33.1#38.4#4.0#14.0#Bombing_Explosion-Facility_Infrastructure_Attack", "src_var": "VAR", "tgt_var": "Bombing_Explosion-Facility_Infrastructure_Attack", "distance": 2177.2389370018323}, "_6.6#11.9#4.0#14.0#VAR_33.1#38.4#4.0#14.0#Bombing_Explosion-Facility_Infrastructure_Attack_DEL_38.mod": {"aut": [[0, [1, 2]], [1, [3, 0]], [2, [4, 5]], [3, [2, 2]], [4, [6, 1]], [5, [7, 8]], [6, [9, 10]], [7, [5, 3]], [8, [9, 11]], [9, [6, 12]], [10, [8, 10]], [11, [10, 13]], [12, [8, 11]], [13, [10, 14]], [14, [10, 3]]], "delay": 38, "gamma": 0.04513887355216706, "pit": [[0, [0.875, 0.125]], [1, [0.9230769872665405, 0.07692307978868484]], [2, [0.9591836333274841, 0.040816325694322586]], [3, [0.9772727489471436, 0.022727273404598236]], [4, [0.8947368264198303, 0.10526315867900848]], [5, [0.8648648858070374, 0.13513514399528503]], [6, [0.9487180113792419, 0.05128205567598343]], [7, [1.0, 0.0]], [8, [0.973214328289032, 0.0267857164144516]], [9, [0.963350772857666, 0.03664921596646309]], [10, [0.9750000238418579, 0.02500000037252903]], [11, [0.9645389914512634, 0.03546099364757538]], [12, [0.9518072009086609, 0.048192769289016724]], [13, [0.9861111044883728, 0.013888888992369175]], [14, [0.9791666865348816, 0.02083333395421505]]], "src": "6.6#11.9#4.0#14.0#VAR", "tgt": "33.1#38.4#4.0#14.0#Bombing_Explosion-Facility_Infrastructure_Attack", "src_var": "VAR", "tgt_var": "Bombing_Explosion-Facility_Infrastructure_Attack", "distance": 1830.9756180550187}, "_6.6#11.9#4.0#14.0#VAR_33.1#38.4#4.0#14.0#Bombing_Explosion-Facility_Infrastructure_Attack_DEL_33.mod": {"aut": [[0, [1, 2]], [1, [3, 4]], [2, [4, 5]], [3, [6, 7]], [4, [8, 2]], [5, [9, 10]], [6, [11, 12]], [7, [13, 14]], [8, [15, 1]], [9, [13, 9]], [10, [3, 7]], [11, [16, 4]], [12, [13, 7]], [13, [17, 11]], [14, [18, 13]], [15, [0, 13]], [16, [16, 15]], [17, [2, 13]], [18, [13, 19]], [19, [20, 21]], [20, [13, 13]], [21, [13, 22]], [22, [13, 13]]], "delay": 33, "gamma": 0.03869786334084846, "pit": [[0, [0.97826087474823, 0.021739130839705467]], [1, [0.9610389471054077, 0.03896103799343109]], [2, [0.9750000238418579, 0.02500000037252903]], [3, [0.960784375667572, 0.03921568766236305]], [4, [0.9680850505828857, 0.03191489353775978]], [5, [0.9701492190361023, 0.02985074557363987]], [6, [0.9677419066429138, 0.032258063554763794]], [7, [1.0, 0.0]], [8, [0.931034505367279, 0.06896551698446274]], [9, [0.9518072009086609, 0.048192769289016724]], [10, [1.0, 0.0]], [11, [0.9801980257034302, 0.019801979884505272]], [12, [0.9411764740943909, 0.05882352963089943]], [13, [0.948387086391449, 0.05161290243268013]], [14, [1.0, 0.0]], [15, [0.9518072009086609, 0.048192769289016724]], [16, [0.9555555582046509, 0.04444444552063942]], [17, [0.9558823704719543, 0.04411764815449715]], [18, [1.0, 0.0]], [19, [1.0, 0.0]], [20, [1.0, 0.0]], [21, [1.0, 0.0]], [22, [1.0, 0.0]]], "src": "6.6#11.9#4.0#14.0#VAR", "tgt": "33.1#38.4#4.0#14.0#Bombing_Explosion-Facility_Infrastructure_Attack", "src_var": "VAR", "tgt_var": "Bombing_Explosion-Facility_Infrastructure_Attack", "distance": 1830.9756180550187}, "_33.1#38.4#54.0#64.0#VAR_33.1#38.4#4.0#14.0#Bombing_Explosion-Facility_Infrastructure_Attack_DEL_45.mod": {"aut": [[0, [1, 2]], [1, [1, 3]], [2, [4, 5]], [3, [1, 6]], [4, [7, 8]], [5, [3, 0]], [6, [9, 0]], [7, [10, 5]], [8, [10, 0]], [9, [11, 0]], [10, [12, 0]], [11, [0, 8]], [12, [13, 4]], [13, [0, 9]]], "delay": 45, "gamma": 0.037090902673535875, "pit": [[0, [0.9078947305679321, 0.09210526198148727]], [1, [0.9689737558364868, 0.03102625347673893]], [2, [0.95652174949646, 0.043478261679410934]], [3, [0.9726027250289917, 0.027397260069847107]], [4, [0.9583333730697632, 0.0416666679084301]], [5, [0.75, 0.25]], [6, [0.9824561476707458, 0.017543859779834747]], [7, [1.0, 0.0]], [8, [0.9375, 0.0625]], [9, [0.9318181872367859, 0.06818182021379471]], [10, [1.0, 0.0]], [11, [0.9677419066429138, 0.032258063554763794]], [12, [0.949999988079071, 0.05000000074505806]], [13, [0.9375, 0.0625]]], "src": "33.1#38.4#54.0#64.0#VAR", "tgt": "33.1#38.4#4.0#14.0#Bombing_Explosion-Facility_Infrastructure_Attack", "src_var": "VAR", "tgt_var": "Bombing_Explosion-Facility_Infrastructure_Attack", "distance": 2771.8761561162696}, "_6.6#11.9#4.0#14.0#VAR_33.1#38.4#4.0#14.0#Bombing_Explosion-Facility_Infrastructure_Attack_DEL_16.mod": {"aut": [[0, [0, 1]], [1, [0, 2]], [2, [2, 3]], [3, [0, 3]]], "delay": 16, "gamma": 0.03610857647736432, "pit": [[0, [0.9509001970291138, 0.04909983649849892]], [1, [0.9784946441650391, 0.02150537632405758]], [2, [0.9478260278701782, 0.052173912525177]], [3, [0.9907975196838379, 0.00920245423913002]]], "src": "6.6#11.9#4.0#14.0#VAR", "tgt": "33.1#38.4#4.0#14.0#Bombing_Explosion-Facility_Infrastructure_Attack", "src_var": "VAR", "tgt_var": "Bombing_Explosion-Facility_Infrastructure_Attack", "distance": 1830.9756180550187}, "_27.8#33.1#74.0#84.0#VAR_33.1#38.4#4.0#14.0#Bombing_Explosion-Facility_Infrastructure_Attack_DEL_9.mod": {"aut": [[0, [0, 1]], [1, [2, 2]], [2, [0, 3]], [3, [2, 2]]], "delay": 9, "gamma": 0.034769381457711246, "pit": [[0, [0.9598997831344604, 0.04010025039315224]], [1, [0.9910714626312256, 0.008928571827709675]], [2, [1.0, 0.0]], [3, [0.875, 0.125]]], "src": "27.8#33.1#74.0#84.0#VAR", "tgt": "33.1#38.4#4.0#14.0#Bombing_Explosion-Facility_Infrastructure_Attack", "src_var": "VAR", "tgt_var": "Bombing_Explosion-Facility_Infrastructure_Attack", "distance": 3981.880342173958}, "_38.4#43.7#34.0#44.0#VAR_33.1#38.4#4.0#14.0#Bombing_Explosion-Facility_Infrastructure_Attack_DEL_23.mod": {"aut": [[0, [0, 1]], [1, [0, 2]], [2, [3, 1]], [3, [1, 1]]], "delay": 23, "gamma": 0.03154620073704806, "pit": [[0, [0.963750958442688, 0.03624901548027992]], [1, [1.0, 0.0]], [2, [0.9000000357627869, 0.10000000894069672]], [3, [0.875, 0.125]]], "src": "38.4#43.7#34.0#44.0#VAR", "tgt": "33.1#38.4#4.0#14.0#Bombing_Explosion-Facility_Infrastructure_Attack", "src_var": "VAR", "tgt_var": "Bombing_Explosion-Facility_Infrastructure_Attack", "distance": 1656.472448930044}, "_6.6#11.9#24.0#34.0#VAR_33.1#38.4#4.0#14.0#Bombing_Explosion-Facility_Infrastructure_Attack_DEL_42.mod": {"aut": [[0, [1, 0]], [1, [2, 0]], [2, [3, 0]], [3, [4, 0]], [4, [5, 0]], [5, [6, 0]], [6, [7, 0]], [7, [8, 0]], [8, [9, 0]], [9, [10, 0]], [10, [2, 0]]], "delay": 42, "gamma": 0.03016328857940942,