{"_6.6#11.9#4.0#14.0#VAR_33.1#38.4#4.0#14.0#Bombing_Explosion-Facility_Infrastructure_Attack_DEL_38.mod": {"aut": [[0, [1, 2]], [1, [3, 0]], [2, [4, 5]], [3, [2, 2]], [4, [6, 1]], [5, [7, 8]], [6, [9, 10]], [7, [5, 3]], [8, [9, 11]], [9, [6, 12]], [10, [8, 10]], [11, [10, 13]], [12, [8, 11]], [13, [10, 14]], [14, [10, 3]]], "delay": 38, "gamma": 0.04513887355216706, "pit": [[0, [0.875, 0.125]], [1, [0.9230769872665405, 0.07692307978868484]], [2, [0.9591836333274841, 0.040816325694322586]], [3, [0.9772727489471436, 0.022727273404598236]], [4, [0.8947368264198303, 0.10526315867900848]], [5, [0.8648648858070374, 0.13513514399528503]], [6, [0.9487180113792419, 0.05128205567598343]], [7, [1.0, 0.0]], [8, [0.973214328289032, 0.0267857164144516]], [9, [0.963350772857666, 0.03664921596646309]], [10, [0.9750000238418579, 0.02500000037252903]], [11, [0.9645389914512634, 0.03546099364757538]], [12, [0.9518072009086609, 0.048192769289016724]], [13, [0.9861111044883728, 0.013888888992369175]], [14, [0.9791666865348816, 0.02083333395421505]]], "src": "6.6#11.9#4.0#14.0#VAR", "tgt": "33.1#38.4#4.0#14.0#Bombing_Explosion-Facility_Infrastructure_Attack", "src_var": "VAR", "tgt_var": "Bombing_Explosion-Facility_Infrastructure_Attack", "distance": 1830.9756180550187}, "_6.6#11.9#4.0#14.0#Armed_Assault-Assassination-Hijacking-Hostage_Taking_Barricade_Incident-Hostage_Taking_Kidnapping_33.1#38.4#4.0#14.0#Bombing_Explosion-Facility_Infrastructure_Attack_DEL_22.mod": {"aut": [[0, [1, 2]], [1, [3, 0]], [2, [4, 5]], [3, [6, 7]], [4, [8, 9]], [5, [10, 11]], [6, [12, 13]], [7, [14, 15]], [8, [16, 9]], [9, [17, 18]], [10, [2, 0]], [11, [19, 12]], [12, [13, 7]], [13, [11, 20]], [14, [17, 21]], [15, [19, 5]], [16, [22, 23]], [17, [19, 19]], [18, [13, 6]], [19, [9, 24]], [20, [19, 2]], [21, [19, 25]], [22, [6, 3]], [23, [19, 19]], [24, [26, 16]], [25, [19, 19]], [26, [19, 19]]], "delay": 22, "gamma": 0.04505727371941126, "pit": [[0, [1.0, 0.0]], [1, [1.0, 0.0]], [2, [0.9259259104728699, 0.07407407462596893]], [3, [1.0, 0.0]], [4, [0.9090909361839294, 0.09090909361839294]], [5, [0.9000000357627869, 0.10000000149011612]], [6, [0.97826087474823, 0.021739130839705467]], [7, [0.9615384936332703, 0.03846153989434242]], [8, [1.0, 0.0]], [9, [0.9734042286872864, 0.026595743373036385]], [10, [1.0, 0.0]], [11, [0.9677419066429138, 0.032258063554763794]], [12, [0.9399999976158142, 0.05999999865889549]], [13, [0.9340659379959106, 0.06593406945466995]], [14, [1.0, 0.0]], [15, [1.0, 0.0]], [16, [0.9464285969734192, 0.0535714328289032]], [17, [0.9618320465087891, 0.038167938590049744]], [18, [0.9846153855323792, 0.015384615398943424]], [19, [0.9672130942344666, 0.032786883413791656]], [20, [0.9487179517745972, 0.05128205195069313]], [21, [1.0, 0.0]], [22, [1.0, 0.0]], [23, [0.9666666984558105, 0.03333333507180214]], [24, [0.9508196115493774, 0.049180325120687485]], [25, [1.0, 0.0]], [26, [1.0, 0.0]]], "src": "6.6#11.9#4.0#14.0#Armed_Assault-Assassination-Hijacking-Hostage_Taking_Barricade_Incident-Hostage_Taking_Kidnapping", "tgt": "33.1#38.4#4.0#14.0#Bombing_Explosion-Facility_Infrastructure_Attack", "src_var": "Armed_Assault-Assassination-Hijacking-Hostage_Taking_Barricade_Incident-Hostage_Taking_Kidnapping", "tgt_var": "Bombing_Explosion-Facility_Infrastructure_Attack", "distance": 1830.9756180550187}, "_6.6#11.9#4.0#14.0#VAR_33.1#38.4#4.0#14.0#Bombing_Explosion-Facility_Infrastructure_Attack_DEL_33.mod": {"aut": [[0, [1, 2]], [1, [3, 4]], [2, [4, 5]], [3, [6, 7]], [4, [8, 2]], [5, [9, 10]], [6, [11, 12]], [7, [13, 14]], [8, [15, 1]], [9, [13, 9]], [10, [3, 7]], [11, [16, 4]], [12, [13, 7]], [13, [17, 11]], [14, [18, 13]], [15, [0, 13]], [16, [16, 15]], [17, [2, 13]], [18, [13, 19]], [19, [20, 21]], [20, [13, 13]], [21, [13, 22]], [22, [13, 13]]], "delay": 33, "gamma": 0.03869786334084846, "pit": [[0, [0.97826087474823, 0.021739130839705467]], [1, [0.9610389471054077, 0.03896103799343109]], [2, [0.9750000238418579, 0.02500000037252903]], [3, [0.960784375667572, 0.03921568766236305]], [4, [0.9680850505828857, 0.03191489353775978]], [5, [0.9701492190361023, 0.02985074557363987]], [6, [0.9677419066429138, 0.032258063554763794]], [7, [1.0, 0.0]], [8, [0.931034505367279, 0.06896551698446274]], [9, [0.9518072009086609, 0.048192769289016724]], [10, [1.0, 0.0]], [11, [0.9801980257034302, 0.019801979884505272]], [12, [0.9411764740943909, 0.05882352963089943]], [13, [0.948387086391449, 0.05161290243268013]], [14, [1.0, 0.0]], [15, [0.9518072009086609, 0.048192769289016724]], [16, [0.9555555582046509, 0.04444444552063942]], [17, [0.9558823704719543, 0.04411764815449715]], [18, [1.0, 0.0]], [19, [1.0, 0.0]], [20, [1.0, 0.0]], [21, [1.0, 0.0]], [22, [1.0, 0.0]]], "src": "6.6#11.9#4.0#14.0#VAR", "tgt": "33.1#38.4#4.0#14.0#Bombing_Explosion-Facility_Infrastructure_Attack", "src_var": "VAR", "tgt_var": "Bombing_Explosion-Facility_Infrastructure_Attack", "distance": 1830.9756180550187}, "_43.7#49.0#34.0#44.0#Armed_Assault-Assassination-Hijacking-Hostage_Taking_Barricade_Incident-Hostage_Taking_Kidnapping_33.1#38.4#4.0#14.0#Bombing_Explosion-Facility_Infrastructure_Attack_DEL_32.mod": {"aut": [[0, [0, 1]], [1, [2, 3]], [2, [4, 5]], [3, [6, 4]], [4, [2, 6]], [5, [6, 7]], [6, [6, 0]], [7, [6, 8]], [8, [6, 6]]], "delay": 32, "gamma": 0.03716176898369283, "pit": [[0, [0.956421971321106, 0.04357798025012016]], [1, [0.9807692766189575, 0.01923076994717121]], [2, [0.9689441323280334, 0.03105590119957924]], [3, [0.9047619104385376, 0.095238097012043]], [4, [0.9741935133934021, 0.025806451216340065]], [5, [0.9545454978942871, 0.04545454680919647]], [6, [0.9716311693191528, 0.028368793427944183]], [7, [0.8181818723678589, 0.1818181872367859]], [8, [0.875, 0.125]]], "src": "43.7#49.0#34.0#44.0#Armed_Assault-Assassination-Hijacking-Hostage_Taking_Barricade_Incident-Hostage_Taking_Kidnapping", "tgt": "33.1#38.4#4.0#14.0#Bombing_Explosion-Facility_Infrastructure_Attack", "src_var": "Armed_Assault-Assassination-Hijacking-Hostage_Taking_Barricade_Incident-Hostage_Taking_Kidnapping", "tgt_var": "Bombing_Explosion-Facility_Infrastructure_Attack", "distance": 1712.5099853649672}, "_6.6#11.9#4.0#14.0#VAR_33.1#38.4#4.0#14.0#Bombing_Explosion-Facility_Infrastructure_Attack_DEL_16.mod": {"aut": [[0, [0, 1]], [1, [0, 2]], [2, [2, 3]], [3, [0, 3]]], "delay": 16, "gamma": 0.03610857647736432, "pit": [[0, [0.9509001970291138, 0.04909983649849892]], [1, [0.9784946441650391, 0.02150537632405758]], [2, [0.9478260278701782, 0.052173912525177]], [3, [0.9907975196838379, 0.00920245423913002]]], "src": "6.6#11.9#4.0#14.0#VAR", "tgt": "33.1#38.4#4.0#14.0#Bombing_Explosion-Facility_Infrastructure_Attack", "src_var": "VAR", "tgt_var": "Bombing_Explosion-Facility_Infrastructure_Attack", "distance": 1830.9756180550187}, "_6.6#11.9#24.0#34.0#VAR_33.1#38.4#4.0#14.0#Bombing_Explosion-Facility_Infrastructure_Attack_DEL_42.mod": {"aut": [[0, [1, 0]], [1, [2, 0]], [2, [3, 0]], [3, [4, 0]], [4, [5, 0]], [5, [6, 0]], [6, [7, 0]], [7, [8, 0]], [8, [9, 0]], [9, [10, 0]], [10, [2, 0]]], "delay": 42, "gamma": 0.03016328857940942, "pit": [[0, [0.9999999403953552, 0.0]], [1, [0.9587628841400146, 0.04123711213469505]], [2, [0.966292142868042, 0.033707864582538605]], [3, [0.9754601120948792, 0.024539876729249954]], [4, [0.9666666984558105, 0.03333333507180214]], [5, [0.9507042169570923, 0.04929577559232712]], [6, [0.9694656729698181, 0.030534351244568825]], [7, [0.950413167476654, 0.04958677291870117]], [8, [0.9736841917037964, 0.02631578966975212]], [9, [0.9292035102844238, 0.07079645991325378]], [10, [0.9583333730697632, 0.0416666679084301]]], "src": "6.6#11.9#24.0#34.0#VAR", "tgt": "33.1#38.4#4.0#14.0#Bombing_Explosion-Facility_Infrastructure_Attack", "src_var": "VAR", "tgt_var": "Bombing_Explosion-Facility_Infrastructure_Attack", "distance": 2221.583719768057}, "_43.7#49.0#34.0#44.0#Bombing_Explosion-Facility_Infrastructure_Attack_33.1#38.4#4.0#14.0#Bombing_Explosion-Facility_Infrastructure_Attack_DEL_56.mod": {"aut": [[0, [1, 0]], [1, [1, 0]]], "delay": 56,