{"_6.6#11.9#4.0#14.0#Bombing_Explosion-Facility_Infrastructure_Attack_38.4#43.7#24.0#34.0#Bombing_Explosion-Facility_Infrastructure_Attack_DEL_33.mod": {"aut": [[0, [1, 2]], [1, [3, 4]], [2, [4, 5]], [3, [6, 4]], [4, [7, 8]], [5, [9, 10]], [6, [11, 0]], [7, [12, 2]], [8, [1, 7]], [9, [13, 14]], [10, [14, 15]], [11, [16, 6]], [12, [17, 18]], [13, [19, 14]], [14, [8, 14]], [15, [14, 20]], [16, [21, 13]], [17, [13, 22]], [18, [14, 23]], [19, [24, 14]], [20, [14, 14]], [21, [25, 12]], [22, [19, 26]], [23, [14, 14]], [24, [27, 14]], [25, [21, 28]], [26, [14, 29]], [27, [14, 14]], [28, [30, 31]], [29, [14, -1]], [30, [14, 14]], [31, [14, 14]]], "delay": 33, "gamma": 0.09440641395237304, "pit": [[0, [0.9230769872665405, 0.07692307978868484]], [1, [0.9484536051750183, 0.05154639109969139]], [2, [0.9000000357627869, 0.10000000149011612]], [3, [0.9305555820465088, 0.0694444477558136]], [4, [0.9818181395530701, 0.0181818176060915]], [5, [0.8333333730697632, 0.1666666716337204]], [6, [1.0, 0.0]], [7, [0.96875, 0.03125]], [8, [0.982758641242981, 0.017241379246115685]], [9, [1.0, 0.0]], [10, [0.75, 0.25]], [11, [0.9824561476707458, 0.017543859779834747]], [12, [0.968254029750824, 0.0317460335791111]], [13, [0.9148935675621033, 0.08510638028383255]], [14, [0.9722222089767456, 0.02777777798473835]], [15, [1.0, 0.0]], [16, [0.9772727489471436, 0.022727273404598236]], [17, [0.9761905074119568, 0.02380952425301075]], [18, [0.9047619104385376, 0.095238097012043]], [19, [0.9534883499145508, 0.04651162773370743]], [20, [1.0, 0.0]], [21, [0.9767441749572754, 0.023255813866853714]], [22, [0.8333333730697632, 0.1666666716337204]], [23, [1.0, 0.0]], [24, [1.0, 0.0]], [25, [0.9810127019882202, 0.018987342715263367]], [26, [1.0, 0.0]], [27, [0.9259259104728699, 0.07407407462596893]], [28, [1.0, 0.0]], [29, [0.0, 1.0]], [30, [0.9285714626312256, 0.0714285746216774]], [31, [1.0, 0.0]]], "src": "6.6#11.9#4.0#14.0#Bombing_Explosion-Facility_Infrastructure_Attack", "tgt": "38.4#43.7#24.0#34.0#Bombing_Explosion-Facility_Infrastructure_Attack", "src_var": "Bombing_Explosion-Facility_Infrastructure_Attack", "tgt_var": "Bombing_Explosion-Facility_Infrastructure_Attack", "distance": 2514.2646312486218}, "_27.8#33.1#14.0#24.0#Bombing_Explosion-Facility_Infrastructure_Attack_38.4#43.7#24.0#34.0#Bombing_Explosion-Facility_Infrastructure_Attack_DEL_9.mod": {"aut": [[0, [0, 1]], [1, [0, 2]], [2, [3, 4]], [3, [5, 0]], [4, [6, 5]], [5, [3, 6]], [6, [5, 5]]], "delay": 9, "gamma": 0.08139648757476559, "pit": [[0, [0.9584352374076843, 0.04156479239463806]], [1, [0.9357143044471741, 0.06428571790456772]], [2, [0.97826087474823, 0.021739130839705467]], [3, [0.9861111044883728, 0.013888888992369175]], [4, [1.0, 0.0]], [5, [0.9848484992980957, 0.01515151560306549]], [6, [0.9888889193534851, 0.011111111380159855]]], "src": "27.8#33.1#14.0#24.0#Bombing_Explosion-Facility_Infrastructure_Attack", "tgt": "38.4#43.7#24.0#34.0#Bombing_Explosion-Facility_Infrastructure_Attack", "src_var": "Bombing_Explosion-Facility_Infrastructure_Attack", "tgt_var": "Bombing_Explosion-Facility_Infrastructure_Attack", "distance": 921.0104770533458}, "_6.6#11.9#4.0#14.0#Bombing_Explosion-Facility_Infrastructure_Attack_38.4#43.7#24.0#34.0#Bombing_Explosion-Facility_Infrastructure_Attack_DEL_29.mod": {"aut": [[0, [1, 2]], [1, [1, 3]], [2, [4, 5]], [3, [6, 2]], [4, [7, 8]], [5, [0, 9]], [6, [0, 10]], [7, [11, 1]], [8, [12, 0]], [9, [0, 2]], [10, [0, 0]], [11, [0, 2]], [12, [6, 13]], [13, [10, 0]]], "delay": 29, "gamma": 0.07719580142660598, "pit": [[0, [0.9864864945411682, 0.013513513840734959]], [1, [0.9777195453643799, 0.02228047326207161]], [2, [0.9390243291854858, 0.060975607484579086]], [3, [0.9837397933006287, 0.016260161995887756]], [4, [0.9629629850387573, 0.03703703731298447]], [5, [0.8571429252624512, 0.1428571492433548]], [6, [0.9699999690055847, 0.029999999329447746]], [7, [0.8857142925262451, 0.11428571492433548]], [8, [0.9473684430122375, 0.05263157933950424]], [9, [0.9333333969116211, 0.06666667014360428]], [10, [0.8518518805503845, 0.14814814925193787]], [11, [0.8333333730697632, 0.1666666716337204]], [12, [1.0, 0.0]], [13, [1.0, 0.0]]], "src": "6.6#11.9#4.0#14.0#Bombing_Explosion-Facility_Infrastructure_Attack", "tgt": "38.4#43.7#24.0#34.0#Bombing_Explosion-Facility_Infrastructure_Attack", "src_var": "Bombing_Explosion-Facility_Infrastructure_Attack", "tgt_var": "Bombing_Explosion-Facility_Infrastructure_Attack", "distance": 2514.2646312486218}, "_6.6#11.9#4.0#14.0#Bombing_Explosion-Facility_Infrastructure_Attack_38.4#43.7#24.0#34.0#Bombing_Explosion-Facility_Infrastructure_Attack_DEL_12.mod": {"aut": [[0, [1, 2]], [1, [3, 4]], [2, [4, 5]], [3, [6, 5]], [4, [7, 8]], [5, [0, 7]], [6, [9, 4]], [7, [10, 8]], [8, [3, 0]], [9, [9, 4]], [10, [11, 0]], [11, [12, 0]], [12, [9, 0]]], "delay": 12, "gamma": 0.04644304129903798, "pit": [[0, [0.9333333373069763, 0.06666667014360428]], [1, [0.9344261884689331, 0.06557376682758331]], [2, [0.9655172228813171, 0.03448275849223137]], [3, [0.9638553857803345, 0.03614457696676254]], [4, [0.940740704536438, 0.05925925821065903]], [5, [0.9743589758872986, 0.025641025975346565]], [6, [0.9636363387107849, 0.036363635212183]], [7, [0.9541283845901489, 0.0458715558052063]], [8, [1.0, 0.0]], [9, [0.984455943107605, 0.015544041059911251]], [10, [0.949367105960846, 0.050632912665605545]], [11, [0.9242424368858337, 0.07575757801532745]], [12, [0.982758641242981, 0.017241379246115685]]], "src": "6.6#11.9#4.0#14.0#Bombing_Explosion-Facility_Infrastructure_Attack", "tgt": "38.4#43.7#24.0#34.0#Bombing_Explosion-Facility_Infrastructure_Attack", "src_var": "Bombing_Explosion-Facility_Infrastructure_Attack", "tgt_var": "Bombing_Explosion-Facility_Infrastructure_Attack", "distance": 2514.2646312486218}, "_33.1#38.4#34.0#44.0#Bombing_Explosion-Facility_Infrastructure_Attack_38.4#43.7#24.0#34.0#Bombing_Explosion-Facility_Infrastructure_Attack_DEL_40.mod": {"aut": [[0, [0, 1]], [1, [2, 3]], [2, [4, 5]], [3, [0, 3]], [4, [3, 3]], [5, [3, 3]]], "delay": 40, "gamma": 0.04291437585796931, "pit": [[0, [0.956000030040741, 0.04400000348687172]], [1, [0.9741935133934021, 0.025806451216340065]], [2, [0.9000000357627869, 0.10000000149011612]], [3, [0.9754535555839539, 0.0245464239269495]], [4, [0.9166666865348816, 0.0833333358168602]], [5, [0.8214285969734192, 0.1785714328289032]]], "src": "33.1#38.4#34.0#44.0#Bombing_Explosion-Facility_Infrastructure_Attack", "tgt": "38.4#43.7#24.0#34.0#Bombing_Explosion-Facility_Infrastructure_Attack", "src_var": "Bombing_Explosion-Facility_Infrastructure_Attack", "tgt_var": "Bombing_Explosion-Facility_Infrastructure_Attack", "distance": 653.0000378754775}, "_6.6#11.9#44.0#54.0#Bombing_Explosion-Facility_Infrastructure_Attack_38.4#43.7#24.0#34.0#Bombing_Explosion-Facility_Infrastructure_Attack_DEL_46.mod": {"aut": [[0, [0, 1]], [1, [2, 3]], [2, [4, 2]], [3, [2, -1]], [4, [0, 2]]], "delay": 46, "gamma": 0.04039760620164812, "pit": [[0, [0.9680607914924622, 0.03193916380405426]], [1, [1.0, 0.0]], [2, [1.0, 0.0]], [3, [0.3333333432674408, 0.6666666865348816]], [4, [0.90625, 0.09375]]], "src": "6.6#11.9#44.0#54.0#Bombing_Explosion-Facility_Infrastructure_Attack", "tgt": "38.4#43.7#24.0#34.0#Bombing_Explosion-Facility_Infrastructure_Attack", "src_var": "Bombing_Explosion-Facility_Infrastructure_Attack", "tgt_var": "Bombing_Explosion-Facility_Infrastructure_Attack", "distance": 2514.2646312486218}, "_6.6#11.9#4.0#14.0#Bombing_Explosion-Facility_Infrastructure_Attack_38.4#43.7#24.0#34.0#Bombing_Explosion-Facility_Infrastructure_Attack_DEL_37.mod": {"aut": [[0, [1, 0]], [1, [2, 1]], [2, [3, 0]], [3, [3, 0]]], "delay": 37, "gamma": 0.039192020497814894, "pit": [[0, [0.9620252847671509, 0.037974681705236435]], [1, [0.940000057220459, 0.06000000238418579]], [2, [0.9337348937988281, 0.0662650614976883]], [3, [0.9831606149673462, 0.01683937758207321]]], "src": "6.6#11.9#4.0#14.0#Bombing_Explosion-Facility_Infrastructure_Attack",