{"_6.6#11.9#4.0#14.0#VAR_6.6#11.9#44.0#54.0#Armed_Assault-Assassination-Hijacking-Hostage_Taking_Barricade_Incident-Hostage_Taking_Kidnapping_DEL_41.mod": {"aut": [[0, [1, 2]], [1, [3, 4]], [2, [5, 6]], [3, [0, 7]], [4, [8, 9]], [5, [5, 10]], [6, [11, 12]], [7, [8, 3]], [8, [3, 13]], [9, [14, 8]], [10, [13, 3]], [11, [0, 15]], [12, [3, 9]], [13, [14, 16]], [14, [3, 3]], [15, [17, 3]], [16, [3, 3]], [17, [3, 18]], [18, [3, 3]]], "delay": 41, "gamma": 0.06537357271581712, "pit": [[0, [0.9705774188041687, 0.029422583058476448]], [1, [0.9785810112953186, 0.021419009193778038]], [2, [0.9739201068878174, 0.026079868897795677]], [3, [0.9772184491157532, 0.022781554609537125]], [4, [0.9513677954673767, 0.048632219433784485]], [5, [0.968276858329773, 0.03172314167022705]], [6, [0.9253499507904053, 0.07465007901191711]], [7, [0.9584378600120544, 0.041562166064977646]], [8, [0.9416058659553528, 0.058394160121679306]], [9, [0.9669421315193176, 0.03305784985423088]], [10, [1.0, 0.0]], [11, [1.0, 0.0]], [12, [1.0, 0.0]], [13, [0.9473251104354858, 0.05267489701509476]], [14, [0.9507524371147156, 0.049247607588768005]], [15, [0.5076923370361328, 0.4923076927661896]], [16, [0.9504643678665161, 0.0495356023311615]], [17, [1.0, 0.0]], [18, [1.0, 0.0]]], "src": "6.6#11.9#4.0#14.0#VAR", "tgt": "6.6#11.9#44.0#54.0#Armed_Assault-Assassination-Hijacking-Hostage_Taking_Barricade_Incident-Hostage_Taking_Kidnapping", "src_var": "VAR", "tgt_var": "Armed_Assault-Assassination-Hijacking-Hostage_Taking_Barricade_Incident-Hostage_Taking_Kidnapping", "distance": 2726.295739452291}, "_6.6#11.9#24.0#34.0#VAR_6.6#11.9#44.0#54.0#Armed_Assault-Assassination-Hijacking-Hostage_Taking_Barricade_Incident-Hostage_Taking_Kidnapping_DEL_36.mod": {"aut": [[0, [2, 1]], [1, [3, 4]], [2, [0, 5]], [3, [6, 7]], [4, [8, 6]], [5, [9, 10]], [6, [11, 6]], [7, [6, 6]], [8, [6, 12]], [9, [6, 6]], [10, [13, 6]], [11, [14, 15]], [12, [6, 0]], [13, [6, 16]], [14, [17, 6]], [15, [18, 6]], [16, [6, 0]], [17, [2, 15]], [18, [6, 6]]], "delay": 36, "gamma": 0.0559591591051668, "pit": [[0, [0.9631524085998535, 0.03684762865304947]], [1, [0.983208954334259, 0.016791043803095818]], [2, [0.9696747660636902, 0.030325263738632202]], [3, [0.9017013311386108, 0.09829867631196976]], [4, [0.8888888955116272, 0.1111111119389534]], [5, [0.9512635469436646, 0.048736460506916046]], [6, [0.9993793368339539, 0.0006207324913702905]], [7, [0.9714285731315613, 0.02857142873108387]], [8, [0.9000000357627869, 0.10000000149011612]], [9, [0.9973403811454773, 0.002659574383869767]], [10, [0.9000000357627869, 0.10000000149011612]], [11, [0.9396491646766663, 0.06035088002681732]], [12, [0.0, 1.0]], [13, [0.9939023852348328, 0.006097560748457909]], [14, [0.9858601689338684, 0.014139827340841293]], [15, [0.8095238208770752, 0.190476194024086]], [16, [0.0, 1.0]], [17, [0.9443535208702087, 0.05564648285508156]], [18, [0.857740581035614, 0.1422594040632248]]], "src": "6.6#11.9#24.0#34.0#VAR", "tgt": "6.6#11.9#44.0#54.0#Armed_Assault-Assassination-Hijacking-Hostage_Taking_Barricade_Incident-Hostage_Taking_Kidnapping", "src_var": "VAR", "tgt_var": "Armed_Assault-Assassination-Hijacking-Hostage_Taking_Barricade_Incident-Hostage_Taking_Kidnapping", "distance": 1363.7180236254878}, "_43.7#49.0#24.0#34.0#VAR_6.6#11.9#44.0#54.0#Armed_Assault-Assassination-Hijacking-Hostage_Taking_Barricade_Incident-Hostage_Taking_Kidnapping_DEL_28.mod": {"aut": [[0, [1, 0]], [1, [2, 0]], [2, [3, 0]], [3, [4, 0]], [4, [5, 0]], [5, [0, 0]]], "delay": 28, "gamma": 0.04709525646929935, "pit": [[0, [0.9888888597488403, 0.01111111044883728]], [1, [0.9525691866874695, 0.04743083193898201]], [2, [0.9259259104728699, 0.07407407462596893]], [3, [0.9612069129943848, 0.03879310190677643]], [4, [0.9909502863883972, 0.009049774147570133]], [5, [0.9581395387649536, 0.041860464960336685]]], "src": "43.7#49.0#24.0#34.0#VAR", "tgt": "6.6#11.9#44.0#54.0#Armed_Assault-Assassination-Hijacking-Hostage_Taking_Barricade_Incident-Hostage_Taking_Kidnapping", "src_var": "VAR", "tgt_var": "Armed_Assault-Assassination-Hijacking-Hostage_Taking_Barricade_Incident-Hostage_Taking_Kidnapping", "distance": 2822.0216682120863}, "_6.6#11.9#4.0#14.0#VAR_6.6#11.9#44.0#54.0#Armed_Assault-Assassination-Hijacking-Hostage_Taking_Barricade_Incident-Hostage_Taking_Kidnapping_DEL_58.mod": {"aut": [[0, [1, 0]], [1, [2, 3]], [2, [0, 2]], [3, [4, 0]], [4, [5, 3]], [5, [0, 6]], [6, [7, 4]], [7, [4, 4]]], "delay": 58, "gamma": 0.04489483365160962, "pit": [[0, [0.9603604078292847, 0.03963964059948921]], [1, [0.9685039520263672, 0.031496062874794006]], [2, [0.9480000734329224, 0.052000001072883606]], [3, [0.988304078578949, 0.011695906519889832]], [4, [1.0, 0.0]], [5, [0.9199999570846558, 0.07999999821186066]], [6, [0.9000000357627869, 0.10000000149011612]], [7, [0.875, 0.125]]], "src": "6.6#11.9#4.0#14.0#VAR", "tgt": "6.6#11.9#44.0#54.0#Armed_Assault-Assassination-Hijacking-Hostage_Taking_Barricade_Incident-Hostage_Taking_Kidnapping", "src_var": "VAR", "tgt_var": "Armed_Assault-Assassination-Hijacking-Hostage_Taking_Barricade_Incident-Hostage_Taking_Kidnapping", "distance": 2726.295739452291}, "_6.6#11.9#4.0#14.0#VAR_6.6#11.9#44.0#54.0#Armed_Assault-Assassination-Hijacking-Hostage_Taking_Barricade_Incident-Hostage_Taking_Kidnapping_DEL_31.mod": {"aut": [[0, [1, 2]], [1, [3, 4]], [2, [5, 6]], [3, [0, 0]], [4, [3, 7]], [5, [4, 8]], [6, [9, 10]], [7, [2, 11]], [8, [0, 10]], [9, [12, 13]], [10, [3, 2]], [11, [4, 0]], [12, [8, 0]], [13, [0, 6]]], "delay": 31, "gamma": 0.0380831310476899, "pit": [[0, [0.9638553857803345, 0.03614457696676254]], [1, [0.9777777791023254, 0.02222222089767456]], [2, [0.9653465151786804, 0.03465346619486809]], [3, [0.9529411792755127, 0.0470588244497776]], [4, [0.9313725829124451, 0.06862745434045792]], [5, [0.9555555582046509, 0.04444444552063942]], [6, [0.961240291595459, 0.03875968977808952]], [7, [1.0, 0.0]], [8, [0.9523810148239136, 0.0476190522313118]], [9, [0.9272726774215698, 0.072727270424366]], [10, [0.9903846383094788, 0.009615384973585606]], [11, [1.0, 0.0]], [12, [1.0, 0.0]], [13, [0.931034505367279, 0.06896551698446274]]], "src": "6.6#11.9#4.0#14.0#VAR", "tgt": "6.6#11.9#44.0#54.0#Armed_Assault-Assassination-Hijacking-Hostage_Taking_Barricade_Incident-Hostage_Taking_Kidnapping", "src_var": "VAR", "tgt_var": "Armed_Assault-Assassination-Hijacking-Hostage_Taking_Barricade_Incident-Hostage_Taking_Kidnapping", "distance": 2726.295739452291}, "_33.1#38.4#64.0#74.0#VAR_6.6#11.9#44.0#54.0#Armed_Assault-Assassination-Hijacking-Hostage_Taking_Barricade_Incident-Hostage_Taking_Kidnapping_DEL_17.mod": {"aut": [[0, [-1, 0]]], "delay": 17, "gamma": 0.03547899169086777, "pit": [[0, [0.963701069355011, 0.03629893437027931]]], "src": "33.1#38.4#64.0#74.0#VAR", "tgt": "6.6#11.9#44.0#54.0#Armed_Assault-Assassination-Hijacking-Hostage_Taking_Barricade_Incident-Hostage_Taking_Kidnapping", "src_var": "VAR", "tgt_var": "Armed_Assault-Assassination-Hijacking-Hostage_Taking_Barricade_Incident-Hostage_Taking_Kidnapping", "distance": 2221.583719768057}, "_33.1#38.4#64.0#74.0#VAR_6.6#11.9#44.0#54.0#Armed_Assault-Assassination-Hijacking-Hostage_Taking_Barricade_Incident-Hostage_Taking_Kidnapping_DEL_16.mod": {"aut": [[0, [-1, 0]]], "delay": 16, "gamma": 0.034971545419453354, "pit": [[0, [0.963701069355011, 0.03629893437027931]]], "src": "33.1#38.4#64.0#74.0#VAR", "tgt": "6.6#11.9#44.0#54.0#Armed_Assault-Assassination-Hijacking-Hostage_Taking_Barricade_Incident-Hostage_Taking_Kidnapping", "src_var": "VAR", "tgt_var": "Armed_Assault-Assassination-Hijacking-Hostage_Taking_Barricade_Incident-Hostage_Taking_Kidnapping", "distance": 2221.583719768057}, "_33.1#38.4#64.0#74.0#VAR_6.6#11.9#44.0#54.0#Armed_Assault-Assassination-Hijacking-Hostage_Taking_Barricade_Incident-Hostage_Taking_Kidnapping_DEL_13.mod": {"aut": [[0, [-1, 1]], [1, [-1, 0]]], "delay": 13, "gamma": 0.03374438204189889, "pit": [[0, [0.9644381403923035, 0.035561878234148026]], [1, [0.9629629850387573, 0.03703703731298447]]],